client_id,tag,region,region1,region2,pod,CA,RM,review_cawb,SG,layer
1001,G,North,North-East,Zone-A,Pod-1,CA-01,RM-01,2024-03-15,SG-01,L1
1001,G,North,North-East,Zone-A,Pod-1,CA-01,RM-01,2025-01-10,SG-01,L2
1002,U,South,South-West,Zone-B,Pod-2,CA-02,RM-02,2023-11-01,SG-02,L1
1003,P,West,West-Central,Zone-C,Pod-1,CA-03,RM-03,,SG-03,L1
1004,X,East,East-North,Zone-D,Pod-3,CA-04,RM-04,2025-02-01,SG-04,L1
1005,G,,East-South,,Pod-2,CA-02,RM-05,2024-08-20,SG-02,L1
2000,P,North,North-East,Zone-C,Pod-2,CA-44,RM-48,2022-10-13,SG-18,L1
2001,P,West,West-North,Zone-A,Pod-10,CA-02,RM-36,2023-04-22,SG-07,L3
2002,G,West,West-North,Zone-D,Pod-7,CA-22,RM-18,2022-01-14,SG-05,L1
2003,U,East,East-North,Zone-A,Pod-10,CA-17,RM-03,2024-01-06,SG-24,L2
2004,P,North,North-West,Zone-A,Pod-6,CA-37,RM-13,2025-07-11,SG-23,L1
2005,G,North,North-Central,Zone-B,Pod-2,CA-25,RM-18,2022-06-13,SG-15,L3
2006,U,East,East-North,Zone-C,Pod-2,CA-39,RM-41,2025-10-04,SG-06,L3
2007,P,South,South-East,Zone-D,Pod-9,CA-15,RM-44,2025-08-03,SG-11,L1
2008,G,South,South-East,Zone-C,Pod-10,CA-46,RM-21,2022-05-16,SG-07,L3
2009,G,West,West-South,Zone-D,Pod-9,CA-35,RM-17,2022-10-13,SG-24,L3
2010,P,West,West-Central,Zone-D,Pod-8,CA-06,RM-49,2022-10-11,SG-02,L1
2011,P,South,South-Central,Zone-B,Pod-2,CA-25,RM-25,2024-05-14,SG-20,L2
2012,P,East,East-Central,Zone-A,Pod-9,CA-49,RM-18,2022-08-23,SG-25,L3
2013,G,East,East-North,Zone-C,Pod-5,CA-33,RM-49,2024-07-18,SG-06,L3
2014,P,North,North-Central,Zone-C,Pod-4,CA-10,RM-24,2024-11-05,SG-25,L1
2015,U,North,North-Central,Zone-C,Pod-5,CA-16,RM-04,2022-08-18,SG-08,L3
2016,G,North,North-East,Zone-D,Pod-3,CA-43,RM-31,2024-12-26,SG-18,L1
2017,P,East,East-Central,Zone-E,Pod-4,CA-46,RM-20,2023-03-10,SG-13,L3
2018,G,East,East-South,Zone-E,Pod-2,CA-22,RM-02,2023-05-23,SG-19,L3
2019,P,South,South-Central,Zone-B,Pod-1,CA-15,RM-05,,SG-02,L2
2020,G,North,North-Central,Zone-B,Pod-9,CA-09,RM-47,2024-09-21,SG-19,L3
2021,G,West,West-North,Zone-D,Pod-2,CA-43,RM-28,2023-01-25,SG-12,L2
2022,G,West,West-South,Zone-A,Pod-1,CA-26,RM-47,2025-08-16,SG-11,L1
2023,U,South,South-East,Zone-B,Pod-3,CA-18,RM-30,2022-10-15,SG-08,L1
2024,P,West,West-Central,Zone-A,Pod-1,CA-06,RM-49,,SG-08,L1
2025,G,West,West-South,Zone-D,Pod-3,CA-25,RM-01,2024-04-01,SG-13,L2
2026,P,West,West-South,Zone-D,Pod-8,CA-10,RM-13,2026-02-05,SG-10,L1
2027,U,North,North-Central,Zone-E,Pod-1,CA-04,RM-38,,SG-16,L3
2028,G,South,South-East,Zone-E,Pod-10,CA-05,RM-44,2023-01-16,SG-08,L2
2029,P,North,North-Central,Zone-B,Pod-2,CA-27,RM-43,2022-03-23,SG-19,L3
2030,G,East,East-South,Zone-B,Pod-5,CA-26,RM-09,2023-10-06,SG-22,L3
2031,G,East,East-South,Zone-C,Pod-8,CA-40,RM-37,2022-05-29,SG-04,L1
2032,G,South,South-Central,Zone-C,Pod-4,CA-24,RM-19,2023-12-16,SG-06,L2
2033,P,East,East-Central,Zone-E,Pod-5,CA-43,RM-07,,SG-05,L2
2034,P,North,North-East,Zone-E,Pod-4,CA-46,RM-22,2023-08-01,SG-07,L3
2035,G,East,East-Central,Zone-D,Pod-7,CA-18,RM-03,2022-04-15,SG-01,L2
2036,P,South,South-Central,Zone-C,Pod-7,CA-36,RM-01,2024-06-23,SG-04,L1
2037,P,South,South-Central,Zone-A,Pod-3,CA-28,RM-09,2025-04-07,SG-02,L2
2038,P,East,East-North,Zone-C,Pod-2,CA-23,RM-50,2023-05-27,SG-18,L2
2039,U,South,South-East,Zone-B,Pod-1,CA-12,RM-48,2022-12-29,SG-11,L2
2040,U,South,South-West,Zone-B,Pod-1,CA-31,RM-15,2022-08-10,SG-07,L2
2041,G,East,East-South,Zone-B,Pod-7,CA-22,RM-18,2025-09-13,SG-03,L2
2042,U,East,East-Central,Zone-E,Pod-1,CA-08,RM-17,2025-01-03,SG-06,L3
2043,P,East,East-North,Zone-A,Pod-6,CA-28,RM-39,2023-12-09,SG-17,L1
2044,U,West,West-Central,Zone-B,Pod-1,CA-34,RM-35,2025-12-22,SG-22,L3
2045,P,South,South-West,Zone-D,Pod-6,CA-40,RM-21,,SG-22,L1
2046,U,East,East-Central,Zone-C,Pod-5,CA-36,RM-09,2023-10-31,SG-07,L2
2047,U,West,West-Central,Zone-B,Pod-9,CA-01,RM-20,2023-09-09,SG-10,L1
2048,U,West,West-Central,Zone-E,Pod-8,CA-44,RM-14,2024-08-10,SG-17,L2
2049,P,South,South-Central,Zone-A,Pod-10,CA-22,RM-06,2025-09-21,SG-25,L1
2050,G,East,East-North,Zone-B,Pod-8,CA-40,RM-50,2022-04-05,SG-03,L2
2051,U,West,West-Central,Zone-E,Pod-8,CA-26,RM-16,2025-11-27,SG-05,L3
2052,P,North,North-East,Zone-D,Pod-8,CA-04,RM-36,2025-11-26,SG-08,L1
2053,P,West,West-North,Zone-D,Pod-6,CA-49,RM-29,2025-02-18,SG-20,L3
2054,U,West,West-Central,Zone-D,Pod-5,CA-49,RM-16,2024-08-30,SG-21,L2
2055,P,West,West-Central,Zone-B,Pod-5,CA-16,RM-18,2022-06-08,SG-11,L2
2056,G,North,North-East,Zone-B,Pod-4,CA-05,RM-27,2025-11-22,SG-14,L2
2057,U,West,West-South,Zone-A,Pod-10,CA-45,RM-02,2024-05-10,SG-25,L3
2058,U,West,West-South,Zone-A,Pod-7,CA-35,RM-48,2023-09-04,SG-24,L3
2059,G,South,South-West,Zone-B,Pod-7,CA-22,RM-43,2024-09-21,SG-22,L2
2060,G,South,South-West,Zone-B,Pod-7,CA-38,RM-37,2024-12-29,SG-22,L1
2061,G,North,North-Central,Zone-D,Pod-1,CA-17,RM-25,2024-08-03,SG-11,L1
2062,U,West,West-South,Zone-C,Pod-7,CA-17,RM-06,2024-02-16,SG-16,L1
2063,G,North,North-West,Zone-B,Pod-1,CA-16,RM-13,2025-08-27,SG-01,L3
2064,P,South,South-East,Zone-B,Pod-4,CA-30,RM-45,2022-08-23,SG-09,L2
2065,G,South,South-Central,Zone-E,Pod-3,CA-20,RM-07,2026-01-11,SG-19,L1
2066,G,East,East-Central,Zone-D,Pod-2,CA-38,RM-45,2026-01-04,SG-21,L1
2067,G,North,North-Central,Zone-C,Pod-10,CA-03,RM-23,2025-05-14,SG-18,L2
2068,U,East,East-North,Zone-E,Pod-8,CA-07,RM-28,2022-01-26,SG-12,L3
2069,P,West,West-Central,Zone-B,Pod-5,CA-40,RM-35,2026-02-11,SG-25,L2
2070,G,West,West-South,Zone-E,Pod-5,CA-29,RM-16,2023-05-18,SG-25,L2
2071,G,West,West-South,Zone-A,Pod-8,CA-14,RM-23,2023-10-28,SG-09,L2
2072,G,East,East-Central,Zone-C,Pod-2,CA-16,RM-47,2024-11-24,SG-14,L2
2073,U,South,South-Central,Zone-D,Pod-1,CA-06,RM-19,2024-10-02,SG-08,L2
2074,P,South,South-West,Zone-E,Pod-6,CA-28,RM-48,2025-02-07,SG-18,L2
2075,G,East,East-Central,Zone-D,Pod-2,CA-47,RM-13,2023-05-30,SG-11,L1
2076,P,South,South-East,Zone-B,Pod-10,CA-49,RM-34,2023-07-21,SG-20,L2
2077,U,North,North-East,Zone-C,Pod-1,CA-46,RM-35,2023-01-03,SG-05,L2
2078,P,North,North-East,Zone-E,Pod-8,CA-07,RM-01,2022-09-16,SG-19,L2
2079,U,West,West-South,Zone-D,Pod-8,CA-08,RM-05,2022-04-16,SG-13,L2
2080,U,North,North-Central,Zone-A,Pod-2,CA-16,RM-08,2025-02-26,SG-18,L2
2081,U,South,South-Central,Zone-D,Pod-10,CA-28,RM-20,2024-06-25,SG-19,L3
2082,P,North,North-Central,Zone-A,Pod-4,CA-17,RM-43,2023-03-02,SG-03,L1
2083,G,South,South-East,Zone-E,Pod-7,CA-29,RM-45,,SG-20,L2
2084,P,East,East-North,Zone-B,Pod-8,CA-05,RM-44,2023-08-03,SG-08,L2
2085,G,South,South-West,Zone-A,Pod-5,CA-10,RM-05,2025-08-19,SG-02,L1
2086,G,East,East-Central,Zone-E,Pod-8,CA-45,RM-20,2024-06-18,SG-23,L2
2087,P,East,East-Central,Zone-E,Pod-1,CA-28,RM-48,2022-06-14,SG-11,L3
2088,P,East,East-North,Zone-A,Pod-10,CA-02,RM-49,2025-10-12,SG-22,L2
2089,U,North,North-East,Zone-D,Pod-3,CA-38,RM-28,2024-06-24,SG-21,L2
2090,P,North,North-West,Zone-C,Pod-2,CA-11,RM-22,2023-10-20,SG-14,L3
2091,G,West,West-South,Zone-D,Pod-8,CA-06,RM-21,2025-01-31,SG-09,L2
2092,P,North,North-West,Zone-E,Pod-9,CA-30,RM-27,2022-01-03,SG-02,L1
2093,G,East,East-Central,Zone-D,Pod-5,CA-36,RM-09,2022-04-16,SG-10,L2
2094,G,West,West-North,Zone-A,Pod-3,CA-20,RM-36,2025-05-31,SG-01,L3
2095,U,West,West-North,Zone-B,Pod-2,CA-42,RM-10,2022-08-21,SG-16,L3
2096,U,East,East-Central,Zone-C,Pod-4,CA-30,RM-36,2024-09-15,SG-05,L2
2097,G,South,South-Central,Zone-E,Pod-5,CA-50,RM-27,2022-10-07,SG-11,L3
2098,P,East,East-North,Zone-C,Pod-8,CA-10,RM-29,2025-04-17,SG-18,L2
2099,U,East,East-South,Zone-E,Pod-6,CA-13,RM-45,2024-02-12,SG-08,L3
2100,P,West,West-North,Zone-D,Pod-8,CA-46,RM-25,,SG-13,L3
2101,U,South,South-West,Zone-A,Pod-2,CA-29,RM-07,2025-04-23,SG-17,L2
2102,G,North,North-Central,Zone-B,Pod-2,CA-31,RM-17,2025-09-02,SG-11,L3
2103,P,West,West-Central,Zone-A,Pod-7,CA-21,RM-41,2025-10-13,SG-23,L2
2104,U,North,North-Central,Zone-A,Pod-4,CA-48,RM-06,2025-11-02,SG-14,L1
2105,G,North,North-West,Zone-B,Pod-6,CA-04,RM-19,2022-03-01,SG-12,L2
2106,P,West,West-North,Zone-B,Pod-3,CA-11,RM-12,2025-03-05,SG-03,L3
2107,G,West,West-Central,Zone-B,Pod-4,CA-30,RM-41,2025-04-09,SG-09,L2
2108,U,East,East-Central,Zone-A,Pod-9,CA-11,RM-05,2024-08-10,SG-15,L2
2109,U,East,East-Central,Zone-D,Pod-4,CA-25,RM-31,2024-07-24,SG-04,L1
2110,U,West,West-Central,Zone-C,Pod-1,CA-43,RM-26,2025-12-03,SG-09,L1
2111,G,North,North-Central,Zone-D,Pod-10,CA-23,RM-15,2023-08-10,SG-21,L1
2112,P,East,East-Central,Zone-B,Pod-1,CA-20,RM-29,2025-07-09,SG-02,L3
2113,U,East,East-Central,Zone-B,Pod-7,CA-12,RM-13,2023-08-28,SG-05,L3
2114,U,East,East-Central,Zone-E,Pod-8,CA-19,RM-48,2022-12-03,SG-11,L1
2115,P,West,West-North,Zone-B,Pod-7,CA-36,RM-24,2023-04-08,SG-03,L2
2116,P,North,North-West,Zone-E,Pod-5,CA-38,RM-25,2024-01-25,SG-21,L2
2117,P,North,North-Central,Zone-B,Pod-6,CA-40,RM-15,2025-06-22,SG-21,L1
2118,G,West,West-Central,Zone-C,Pod-1,CA-03,RM-20,2022-08-27,SG-16,L1
2119,U,North,North-East,Zone-E,Pod-9,CA-27,RM-38,2024-07-18,SG-24,L3
2120,U,South,South-West,Zone-A,Pod-5,CA-03,RM-45,2025-06-14,SG-12,L1
2121,P,West,West-South,Zone-B,Pod-6,CA-35,RM-42,2022-07-23,SG-12,L1
2122,G,West,West-South,Zone-B,Pod-4,CA-42,RM-41,2024-07-20,SG-20,L1
2123,G,North,North-West,Zone-B,Pod-2,CA-49,RM-36,2025-03-02,SG-07,L3
2124,G,South,South-East,Zone-C,Pod-5,CA-10,RM-09,2025-05-05,SG-18,L2
2125,G,South,South-East,Zone-A,Pod-10,CA-21,RM-02,2024-01-04,SG-06,L2
2126,U,North,North-East,Zone-D,Pod-8,CA-50,RM-24,2022-05-11,SG-17,L3
2127,G,North,North-West,Zone-E,Pod-9,CA-20,RM-30,2025-06-13,SG-21,L1
2128,U,North,North-West,Zone-D,Pod-8,CA-05,RM-06,2022-08-10,SG-11,L3
2129,P,South,South-East,Zone-B,Pod-9,CA-46,RM-21,2025-07-20,SG-13,L3
2130,P,East,East-South,Zone-E,Pod-2,CA-42,RM-42,2022-07-23,SG-25,L3
2131,U,South,South-West,Zone-D,Pod-8,CA-26,RM-27,2024-04-27,SG-24,L1
2132,G,East,East-South,Zone-C,Pod-8,CA-05,RM-06,2024-02-06,SG-03,L1
2133,G,West,West-North,Zone-C,Pod-10,CA-36,RM-36,2025-02-13,SG-11,L3
2134,P,North,North-West,Zone-C,Pod-1,CA-19,RM-39,2024-05-16,SG-10,L2
2135,U,North,North-Central,Zone-E,Pod-4,CA-07,RM-23,2025-09-06,SG-18,L2
2136,P,North,North-West,Zone-E,Pod-10,CA-40,RM-44,2024-05-28,SG-21,L3
2137,U,North,North-Central,Zone-C,Pod-5,CA-22,RM-23,,SG-01,L1
2138,P,South,South-Central,Zone-D,Pod-1,CA-06,RM-48,,SG-17,L1
2139,U,West,West-South,Zone-D,Pod-6,CA-50,RM-37,2024-01-28,SG-20,L1
2140,P,North,North-East,Zone-B,Pod-2,CA-18,RM-29,2022-04-12,SG-22,L2
2141,P,West,West-Central,Zone-D,Pod-2,CA-23,RM-28,2023-03-18,SG-04,L2
2142,U,West,West-Central,Zone-C,Pod-10,CA-04,RM-01,,SG-07,L2
2143,G,South,South-East,Zone-C,Pod-8,CA-48,RM-28,2022-09-03,SG-06,L1
2144,U,West,West-Central,Zone-B,Pod-2,CA-26,RM-48,2025-09-30,SG-02,L2
2145,U,North,North-West,Zone-A,Pod-10,CA-26,RM-46,2025-03-25,SG-21,L2
2146,U,East,East-North,Zone-D,Pod-3,CA-40,RM-30,,SG-23,L2
2147,U,North,North-West,Zone-A,Pod-9,CA-06,RM-26,2025-04-21,SG-10,L3
2148,P,East,East-North,Zone-C,Pod-2,CA-34,RM-33,2022-06-06,SG-07,L2
2149,U,East,East-Central,Zone-B,Pod-4,CA-12,RM-39,2022-10-27,SG-05,L3
2150,P,North,North-East,Zone-D,Pod-8,CA-44,RM-37,2025-02-28,SG-21,L3
2151,U,East,East-Central,Zone-C,Pod-8,CA-41,RM-20,2022-05-20,SG-09,L3
2152,U,North,North-West,Zone-E,Pod-8,CA-03,RM-04,,SG-12,L2
2153,U,North,North-Central,Zone-A,Pod-8,CA-38,RM-36,2024-11-04,SG-24,L1
2154,P,West,West-Central,Zone-B,Pod-3,CA-04,RM-29,2024-09-01,SG-04,L2
2155,P,North,North-Central,Zone-B,Pod-8,CA-29,RM-34,,SG-17,L3
2156,U,South,South-West,Zone-C,Pod-6,CA-44,RM-39,2024-03-04,SG-02,L3
2157,U,East,East-North,Zone-C,Pod-5,CA-17,RM-47,2025-10-21,SG-22,L3
2158,U,South,South-West,Zone-A,Pod-5,CA-42,RM-45,2022-10-17,SG-22,L2
2159,P,South,South-Central,Zone-A,Pod-6,CA-09,RM-43,2024-02-11,SG-23,L3
2160,U,North,North-Central,Zone-D,Pod-5,CA-12,RM-14,2022-02-07,SG-11,L2
2161,G,South,South-East,Zone-B,Pod-9,CA-50,RM-35,2023-08-29,SG-24,L3
2162,G,North,North-Central,Zone-C,Pod-10,CA-25,RM-10,2025-06-19,SG-06,L1
2163,U,South,South-Central,Zone-D,Pod-4,CA-29,RM-40,,SG-10,L3
2164,G,West,West-North,Zone-E,Pod-6,CA-44,RM-37,2024-08-18,SG-15,L2
2165,G,East,East-South,Zone-E,Pod-10,CA-09,RM-17,2022-11-28,SG-02,L3
2166,P,West,West-South,Zone-E,Pod-2,CA-19,RM-06,2025-12-27,SG-25,L1
2167,G,East,East-South,Zone-E,Pod-4,CA-29,RM-23,2024-06-14,SG-01,L2
2168,G,North,North-West,Zone-E,Pod-6,CA-15,RM-02,2024-03-01,SG-11,L1
2169,U,East,East-North,Zone-B,Pod-3,CA-49,RM-46,,SG-16,L2
2170,P,North,North-East,Zone-A,Pod-10,CA-34,RM-28,2022-11-03,SG-04,L2
2171,U,South,South-West,Zone-A,Pod-10,CA-30,RM-05,,SG-04,L2
2172,G,North,North-Central,Zone-E,Pod-5,CA-28,RM-01,2026-01-11,SG-20,L2
2173,G,South,South-Central,Zone-D,Pod-9,CA-24,RM-05,2025-09-30,SG-17,L3
2174,U,North,North-West,Zone-D,Pod-6,CA-17,RM-48,,SG-01,L2
2175,G,North,North-West,Zone-B,Pod-10,CA-48,RM-49,2025-07-10,SG-11,L1
2176,G,North,North-West,Zone-E,Pod-8,CA-45,RM-31,2025-08-09,SG-21,L1
2177,G,South,South-East,Zone-D,Pod-1,CA-13,RM-03,,SG-11,L2
2178,G,West,West-Central,Zone-D,Pod-5,CA-23,RM-50,2025-08-17,SG-02,L3
2179,U,East,East-South,Zone-A,Pod-8,CA-25,RM-22,2024-06-13,SG-06,L2
2180,P,West,West-South,Zone-E,Pod-7,CA-06,RM-28,2022-06-19,SG-20,L1
2181,U,East,East-South,Zone-A,Pod-5,CA-29,RM-39,2025-09-15,SG-23,L2
2182,P,South,South-Central,Zone-D,Pod-6,CA-40,RM-28,2022-03-28,SG-09,L3
2183,G,North,North-East,Zone-D,Pod-1,CA-10,RM-39,2025-10-23,SG-22,L2
2184,U,North,North-East,Zone-A,Pod-6,CA-25,RM-37,2025-08-14,SG-02,L3
2185,U,South,South-Central,Zone-D,Pod-2,CA-37,RM-09,2024-02-01,SG-17,L2
2186,G,West,West-South,Zone-C,Pod-3,CA-32,RM-34,2022-08-21,SG-13,L3
2187,P,North,North-West,Zone-C,Pod-5,CA-45,RM-32,2023-03-16,SG-07,L1
2188,U,South,South-East,Zone-D,Pod-2,CA-44,RM-21,2025-12-31,SG-22,L2
2189,G,North,North-Central,Zone-E,Pod-3,CA-24,RM-33,2023-09-07,SG-08,L1
2190,U,South,South-East,Zone-B,Pod-9,CA-37,RM-24,2022-02-23,SG-15,L3
2191,U,South,South-Central,Zone-A,Pod-8,CA-34,RM-27,,SG-25,L2
2192,U,North,North-East,Zone-C,Pod-9,CA-23,RM-09,2024-07-10,SG-25,L3
2193,G,South,South-East,Zone-D,Pod-9,CA-10,RM-20,2022-04-24,SG-06,L1
2194,U,East,East-Central,Zone-B,Pod-2,CA-17,RM-13,2024-11-28,SG-21,L3
2195,P,East,East-North,Zone-C,Pod-3,CA-38,RM-38,2022-07-11,SG-05,L1
2196,G,East,East-Central,Zone-A,Pod-1,CA-42,RM-50,2022-02-28,SG-19,L2
2197,U,South,South-Central,Zone-D,Pod-9,CA-19,RM-42,2022-03-04,SG-10,L2
2198,P,South,South-Central,Zone-D,Pod-1,CA-11,RM-29,2022-05-30,SG-14,L2
2199,P,West,West-North,Zone-C,Pod-6,CA-47,RM-23,2023-10-03,SG-13,L1
2200,U,East,East-Central,Zone-E,Pod-2,CA-18,RM-29,2023-05-11,SG-08,L1
2201,U,North,North-East,Zone-C,Pod-4,CA-11,RM-21,2025-06-14,SG-19,L3
2202,U,East,East-North,Zone-B,Pod-8,CA-20,RM-32,2024-11-20,SG-01,L1
2203,P,West,West-Central,Zone-D,Pod-6,CA-04,RM-04,2023-03-17,SG-10,L2
2204,G,West,West-South,Zone-E,Pod-7,CA-09,RM-17,,SG-24,L2
2205,P,West,West-South,Zone-A,Pod-4,CA-24,RM-36,2025-03-13,SG-10,L1
2206,P,West,West-Central,Zone-D,Pod-10,CA-08,RM-09,2023-07-27,SG-04,L2
2207,G,East,East-South,Zone-E,Pod-10,CA-33,RM-26,2022-10-23,SG-17,L1
2208,P,North,North-East,Zone-B,Pod-8,CA-10,RM-39,2024-08-28,SG-17,L1
2209,P,East,East-Central,Zone-C,Pod-5,CA-38,RM-22,2025-06-16,SG-17,L3
2210,U,West,West-Central,Zone-E,Pod-6,CA-44,RM-08,2022-02-04,SG-14,L3
2211,P,East,East-Central,Zone-A,Pod-10,CA-37,RM-15,2023-06-28,SG-24,L1
2212,U,West,West-North,Zone-E,Pod-3,CA-44,RM-16,2025-06-23,SG-02,L3
2213,G,North,North-East,Zone-A,Pod-7,CA-45,RM-14,2024-05-07,SG-14,L3
2214,G,West,West-Central,Zone-A,Pod-9,CA-21,RM-43,2024-11-28,SG-16,L3
2215,U,West,West-South,Zone-B,Pod-9,CA-23,RM-44,2024-12-27,SG-25,L3
2216,U,East,East-Central,Zone-D,Pod-9,CA-20,RM-15,2023-05-20,SG-10,L2
2217,P,South,South-Central,Zone-D,Pod-5,CA-19,RM-08,2023-12-16,SG-19,L3
2218,U,West,West-South,Zone-C,Pod-1,CA-19,RM-46,2022-10-27,SG-03,L2
2219,G,West,West-Central,Zone-C,Pod-9,CA-18,RM-36,2023-03-15,SG-23,L2
2220,G,South,South-East,Zone-E,Pod-1,CA-43,RM-34,2023-05-06,SG-08,L3
2221,U,South,South-East,Zone-A,Pod-2,CA-44,RM-50,2026-01-09,SG-05,L1
2222,U,South,South-West,Zone-D,Pod-6,CA-19,RM-42,2023-02-13,SG-02,L1
2223,U,South,South-Central,Zone-A,Pod-3,CA-03,RM-26,2022-12-25,SG-16,L1
2224,G,East,East-North,Zone-A,Pod-6,CA-19,RM-30,2025-05-19,SG-21,L3
2225,G,West,West-North,Zone-E,Pod-6,CA-11,RM-47,2023-01-30,SG-15,L3
2226,U,East,East-Central,Zone-B,Pod-5,CA-37,RM-44,,SG-25,L1
2227,U,South,South-Central,Zone-D,Pod-2,CA-26,RM-43,2024-11-21,SG-04,L1
2228,U,South,South-West,Zone-C,Pod-7,CA-16,RM-29,2022-01-14,SG-25,L2
2229,U,East,East-South,Zone-E,Pod-6,CA-45,RM-16,2022-01-24,SG-02,L3
2230,P,North,North-West,Zone-C,Pod-5,CA-45,RM-08,2025-11-06,SG-21,L2
2231,U,East,East-Central,Zone-B,Pod-3,CA-30,RM-48,2022-10-01,SG-20,L2
2232,P,West,West-Central,Zone-E,Pod-4,CA-49,RM-16,2025-01-05,SG-22,L3
2233,G,North,North-Central,Zone-D,Pod-10,CA-08,RM-04,2024-01-11,SG-18,L3
2234,P,South,South-Central,Zone-E,Pod-8,CA-08,RM-44,2023-11-03,SG-07,L3
2235,U,West,West-North,Zone-E,Pod-3,CA-33,RM-27,2022-04-24,SG-15,L3
2236,P,North,North-Central,Zone-D,Pod-1,CA-26,RM-17,2023-09-24,SG-01,L3
2237,U,South,South-Central,Zone-A,Pod-2,CA-35,RM-04,,SG-03,L2
2238,P,North,North-West,Zone-D,Pod-7,CA-24,RM-25,2022-10-05,SG-15,L2
2239,G,West,West-North,Zone-E,Pod-3,CA-35,RM-26,2023-12-14,SG-17,L1
2240,P,South,South-East,Zone-A,Pod-9,CA-28,RM-35,2024-08-06,SG-13,L1
2241,P,South,South-West,Zone-C,Pod-2,CA-03,RM-43,2023-01-22,SG-14,L3
2242,P,North,North-East,Zone-B,Pod-1,CA-29,RM-39,,SG-22,L3
2243,P,North,North-East,Zone-A,Pod-4,CA-49,RM-50,2023-04-25,SG-02,L1
2244,P,East,East-North,Zone-E,Pod-6,CA-16,RM-20,2025-05-09,SG-05,L3
2245,P,South,South-West,Zone-C,Pod-3,CA-41,RM-44,2025-02-14,SG-14,L3
2246,U,West,West-North,Zone-C,Pod-9,CA-21,RM-45,2025-10-06,SG-14,L2
2247,U,South,South-West,Zone-D,Pod-4,CA-15,RM-20,2025-01-06,SG-23,L1
2248,P,West,West-North,Zone-E,Pod-9,CA-09,RM-25,2024-05-03,SG-08,L2
2249,G,South,South-West,Zone-A,Pod-9,CA-47,RM-13,2024-01-30,SG-02,L2
2250,G,West,West-Central,Zone-E,Pod-10,CA-47,RM-43,2022-05-30,SG-18,L1
2251,G,West,West-North,Zone-C,Pod-4,CA-48,RM-08,2022-02-01,SG-24,L2
2252,G,South,South-Central,Zone-E,Pod-9,CA-21,RM-50,2024-03-23,SG-10,L2
2253,P,West,West-Central,Zone-C,Pod-8,CA-30,RM-07,2024-01-07,SG-24,L2
2254,P,East,East-North,Zone-C,Pod-4,CA-48,RM-10,2022-04-04,SG-01,L2
2255,U,West,West-South,Zone-B,Pod-10,CA-16,RM-32,2023-04-17,SG-18,L3
2256,P,East,East-South,Zone-D,Pod-8,CA-30,RM-11,2025-08-07,SG-24,L2
2257,P,South,South-East,Zone-E,Pod-1,CA-34,RM-03,2025-01-15,SG-03,L3
2258,G,North,North-East,Zone-D,Pod-2,CA-46,RM-10,2025-07-15,SG-01,L1
2259,P,West,West-South,Zone-A,Pod-8,CA-43,RM-32,2025-09-27,SG-01,L1
2260,P,West,West-North,Zone-A,Pod-5,CA-02,RM-33,2023-07-17,SG-23,L3
2261,G,West,West-North,Zone-A,Pod-4,CA-13,RM-40,2024-12-09,SG-17,L2
2262,U,East,East-South,Zone-D,Pod-8,CA-37,RM-16,,SG-23,L1
2263,G,East,East-Central,Zone-A,Pod-2,CA-26,RM-25,2025-08-23,SG-13,L3
2264,U,West,West-North,Zone-A,Pod-7,CA-42,RM-22,2022-06-19,SG-19,L1
2265,P,North,North-East,Zone-B,Pod-8,CA-18,RM-03,2025-11-18,SG-03,L3
2266,U,East,East-Central,Zone-E,Pod-1,CA-14,RM-38,2023-01-03,SG-05,L3
2267,P,West,West-North,Zone-C,Pod-7,CA-44,RM-35,2023-05-08,SG-11,L2
2268,G,South,South-Central,Zone-A,Pod-2,CA-28,RM-15,2023-12-10,SG-03,L2
2269,U,West,West-South,Zone-A,Pod-4,CA-23,RM-36,2024-07-11,SG-13,L2
2270,P,South,South-Central,Zone-E,Pod-5,CA-16,RM-46,2022-06-25,SG-03,L1
2271,G,East,East-North,Zone-D,Pod-7,CA-21,RM-24,2025-07-22,SG-04,L1
2272,G,North,North-West,Zone-D,Pod-3,CA-06,RM-12,2023-07-07,SG-14,L2
2273,G,West,West-North,Zone-A,Pod-10,CA-39,RM-21,2025-02-09,SG-13,L1
2274,P,East,East-South,Zone-D,Pod-4,CA-37,RM-34,2026-01-24,SG-06,L3
2275,U,West,West-North,Zone-B,Pod-3,CA-05,RM-11,2023-07-04,SG-14,L2
2276,U,West,West-South,Zone-D,Pod-4,CA-47,RM-41,2024-01-10,SG-16,L3
2277,U,South,South-West,Zone-A,Pod-6,CA-40,RM-25,2022-01-14,SG-11,L2
2278,P,East,East-South,Zone-E,Pod-4,CA-31,RM-21,2023-10-19,SG-06,L2
2279,U,East,East-South,Zone-D,Pod-7,CA-18,RM-26,2023-05-12,SG-12,L1
2280,G,South,South-Central,Zone-E,Pod-8,CA-46,RM-14,2025-01-31,SG-15,L2
2281,G,North,North-West,Zone-D,Pod-5,CA-43,RM-10,2023-09-13,SG-23,L2
2282,P,West,West-North,Zone-D,Pod-7,CA-35,RM-33,2024-09-08,SG-23,L2
2283,G,North,North-West,Zone-E,Pod-4,CA-43,RM-43,2022-06-24,SG-12,L1
2284,U,North,North-Central,Zone-D,Pod-2,CA-01,RM-07,2023-11-11,SG-09,L1
2285,P,South,South-West,Zone-C,Pod-9,CA-10,RM-23,2025-10-23,SG-01,L2
2286,G,North,North-West,Zone-D,Pod-3,CA-23,RM-20,2022-06-25,SG-11,L2
2287,U,South,South-Central,Zone-D,Pod-8,CA-21,RM-05,2022-07-19,SG-10,L1
2288,G,North,North-East,Zone-C,Pod-4,CA-34,RM-12,2025-10-18,SG-18,L1
2289,U,East,East-Central,Zone-D,Pod-3,CA-12,RM-41,2023-04-20,SG-22,L2
2290,P,West,West-North,Zone-E,Pod-7,CA-25,RM-01,2024-07-09,SG-23,L1
2291,G,South,South-West,Zone-A,Pod-6,CA-21,RM-13,2025-01-04,SG-15,L1
2292,U,East,East-Central,Zone-D,Pod-10,CA-25,RM-40,2025-08-01,SG-13,L3
2293,G,North,North-West,Zone-C,Pod-5,CA-40,RM-38,2025-06-18,SG-03,L3
2294,G,South,South-West,Zone-A,Pod-6,CA-45,RM-10,2022-08-28,SG-17,L2
2295,G,West,West-Central,Zone-B,Pod-8,CA-41,RM-35,2024-05-16,SG-23,L3
2296,G,South,South-Central,Zone-B,Pod-6,CA-29,RM-40,2022-10-15,SG-02,L2
2297,P,North,North-West,Zone-B,Pod-9,CA-42,RM-32,2024-02-26,SG-14,L3
2298,P,West,West-South,Zone-D,Pod-1,CA-49,RM-15,2022-06-19,SG-10,L1
2299,P,East,East-North,Zone-E,Pod-8,CA-36,RM-33,2024-07-25,SG-04,L3
2300,P,North,North-West,Zone-E,Pod-1,CA-49,RM-47,2024-01-22,SG-15,L3
2301,G,South,South-West,Zone-A,Pod-5,CA-03,RM-29,2025-08-31,SG-09,L2
2302,G,North,North-West,Zone-A,Pod-10,CA-45,RM-23,2023-05-01,SG-23,L3
2303,G,West,West-North,Zone-E,Pod-1,CA-37,RM-23,2023-02-28,SG-18,L2
2304,P,South,South-West,Zone-C,Pod-2,CA-09,RM-49,2023-07-02,SG-14,L1
2305,G,East,East-Central,Zone-B,Pod-3,CA-46,RM-21,2022-09-29,SG-08,L3
2306,P,West,West-South,Zone-B,Pod-7,CA-25,RM-29,2023-07-05,SG-03,L3
2307,U,North,North-West,Zone-E,Pod-8,CA-32,RM-21,2025-11-23,SG-19,L1
2308,U,North,North-Central,Zone-D,Pod-2,CA-35,RM-26,2025-11-29,SG-07,L2
2309,U,South,South-West,Zone-C,Pod-9,CA-37,RM-09,2023-08-04,SG-19,L2
2310,P,East,East-Central,Zone-A,Pod-8,CA-02,RM-08,,SG-06,L2
2311,G,West,West-North,Zone-D,Pod-5,CA-11,RM-18,2025-11-11,SG-03,L3
2312,G,East,East-South,Zone-A,Pod-1,CA-26,RM-41,2025-08-21,SG-10,L3
2313,G,South,South-West,Zone-A,Pod-8,CA-05,RM-09,2022-01-03,SG-19,L1
2314,U,West,West-North,Zone-A,Pod-3,CA-31,RM-05,2022-09-04,SG-08,L2
2315,U,North,North-Central,Zone-A,Pod-3,CA-25,RM-50,2024-01-23,SG-25,L1
2316,P,South,South-East,Zone-E,Pod-3,CA-29,RM-23,2025-06-03,SG-24,L1
2317,G,South,South-West,Zone-E,Pod-2,CA-09,RM-49,2023-03-21,SG-04,L3
2318,G,West,West-South,Zone-D,Pod-5,CA-42,RM-06,2022-10-14,SG-08,L3
2319,U,East,East-Central,Zone-A,Pod-4,CA-34,RM-39,2025-09-10,SG-17,L1
2320,U,West,West-South,Zone-A,Pod-7,CA-08,RM-16,2023-05-06,SG-16,L3
2321,G,North,North-Central,Zone-A,Pod-7,CA-37,RM-27,2023-10-11,SG-12,L3
2322,G,South,South-West,Zone-A,Pod-1,CA-17,RM-14,,SG-02,L1
2323,U,West,West-Central,Zone-C,Pod-7,CA-45,RM-26,2024-10-23,SG-03,L3
2324,G,South,South-West,Zone-A,Pod-3,CA-35,RM-21,2024-11-13,SG-13,L3
2325,G,North,North-West,Zone-D,Pod-4,CA-06,RM-28,2023-05-04,SG-04,L2
2326,G,North,North-West,Zone-B,Pod-1,CA-11,RM-32,2025-12-20,SG-12,L3
2327,P,East,East-North,Zone-C,Pod-2,CA-50,RM-02,2023-07-05,SG-11,L2
2328,P,East,East-Central,Zone-A,Pod-2,CA-32,RM-30,2025-03-26,SG-17,L2
2329,U,North,North-West,Zone-E,Pod-2,CA-37,RM-44,2022-11-19,SG-24,L1
2330,G,South,South-Central,Zone-E,Pod-4,CA-03,RM-31,,SG-12,L2
2331,P,South,South-East,Zone-A,Pod-7,CA-15,RM-21,2026-01-02,SG-08,L2
2332,P,East,East-South,Zone-A,Pod-1,CA-12,RM-15,2022-09-02,SG-17,L1
2333,U,West,West-North,Zone-D,Pod-2,CA-36,RM-30,2023-09-29,SG-01,L2
2334,G,South,South-West,Zone-E,Pod-8,CA-24,RM-38,2025-06-29,SG-16,L1
2335,G,South,South-East,Zone-A,Pod-9,CA-23,RM-41,2022-02-18,SG-23,L1
2336,U,East,East-North,Zone-D,Pod-2,CA-14,RM-34,2026-01-29,SG-08,L2
2337,G,West,West-North,Zone-B,Pod-4,CA-34,RM-27,2022-07-10,SG-23,L2
2338,G,West,West-Central,Zone-A,Pod-7,CA-05,RM-38,2024-11-01,SG-19,L1
2339,U,West,West-Central,Zone-B,Pod-7,CA-45,RM-48,2023-06-19,SG-11,L2
2340,G,West,West-South,Zone-B,Pod-3,CA-50,RM-50,,SG-19,L1
2341,U,South,South-East,Zone-B,Pod-2,CA-35,RM-23,2023-10-06,SG-25,L1
2342,G,West,West-South,Zone-D,Pod-3,CA-44,RM-20,2022-09-03,SG-23,L3
2343,G,North,North-East,Zone-C,Pod-6,CA-26,RM-33,2025-12-27,SG-02,L3
2344,U,East,East-South,Zone-B,Pod-8,CA-36,RM-48,,SG-18,L1
2345,G,North,North-West,Zone-A,Pod-1,CA-04,RM-50,2022-10-14,SG-08,L1
2346,G,South,South-West,Zone-C,Pod-10,CA-38,RM-17,2025-08-13,SG-03,L1
2347,U,North,North-East,Zone-D,Pod-2,CA-03,RM-30,2022-07-08,SG-02,L1
2348,P,West,West-Central,Zone-D,Pod-7,CA-12,RM-23,2024-02-23,SG-07,L1
2349,P,East,East-South,Zone-D,Pod-10,CA-40,RM-16,2022-03-12,SG-21,L2
2350,U,West,West-South,Zone-E,Pod-7,CA-09,RM-27,2022-06-29,SG-07,L3
2351,P,South,South-Central,Zone-E,Pod-6,CA-31,RM-35,2024-02-23,SG-16,L2
2352,P,East,East-South,Zone-C,Pod-4,CA-02,RM-50,2023-10-16,SG-09,L1
2353,G,West,West-Central,Zone-C,Pod-2,CA-16,RM-43,2023-04-22,SG-08,L2
2354,U,North,North-East,Zone-E,Pod-3,CA-12,RM-16,2024-03-06,SG-19,L2
2355,P,East,East-Central,Zone-A,Pod-10,CA-10,RM-37,2023-12-22,SG-07,L2
2356,G,East,East-North,Zone-D,Pod-4,CA-39,RM-15,,SG-01,L3
2357,G,West,West-North,Zone-C,Pod-6,CA-46,RM-12,2023-02-17,SG-11,L1
2358,G,North,North-East,Zone-E,Pod-9,CA-24,RM-05,2022-10-18,SG-12,L3
2359,G,West,West-Central,Zone-A,Pod-3,CA-47,RM-28,2023-10-23,SG-21,L2
2360,U,East,East-North,Zone-E,Pod-4,CA-43,RM-38,2025-06-10,SG-06,L2
2361,G,East,East-Central,Zone-C,Pod-10,CA-26,RM-50,2026-02-01,SG-19,L1
2362,G,South,South-Central,Zone-C,Pod-10,CA-07,RM-32,2025-06-06,SG-05,L2
2363,P,North,North-East,Zone-C,Pod-2,CA-46,RM-43,2022-12-10,SG-21,L3
2364,P,East,East-South,Zone-A,Pod-2,CA-23,RM-17,2023-05-27,SG-04,L3
2365,G,North,North-East,Zone-D,Pod-7,CA-32,RM-25,2024-05-09,SG-12,L3
2366,P,West,West-North,Zone-D,Pod-4,CA-11,RM-29,2025-03-29,SG-03,L1
2367,G,East,East-North,Zone-C,Pod-6,CA-11,RM-25,2022-08-03,SG-06,L3
2368,U,North,North-Central,Zone-A,Pod-1,CA-28,RM-42,2025-06-10,SG-06,L3
2369,G,West,West-North,Zone-A,Pod-7,CA-45,RM-36,2023-02-25,SG-24,L3
2370,G,East,East-Central,Zone-C,Pod-7,CA-37,RM-36,2022-07-16,SG-16,L1
2371,P,North,North-West,Zone-A,Pod-10,CA-31,RM-13,2023-08-27,SG-04,L1
2372,G,South,South-East,Zone-C,Pod-5,CA-26,RM-31,2024-08-27,SG-16,L3
2373,U,East,East-North,Zone-E,Pod-6,CA-12,RM-29,2024-01-30,SG-02,L2
2374,P,West,West-South,Zone-C,Pod-1,CA-10,RM-49,2023-07-05,SG-23,L3
2375,P,North,North-East,Zone-C,Pod-4,CA-36,RM-04,2024-04-27,SG-13,L3
2376,U,West,West-Central,Zone-D,Pod-5,CA-06,RM-26,2023-04-28,SG-23,L1
2377,G,South,South-East,Zone-D,Pod-4,CA-09,RM-03,2022-12-09,SG-14,L1
2378,U,West,West-North,Zone-B,Pod-2,CA-06,RM-25,2023-06-13,SG-18,L2
2379,P,East,East-South,Zone-E,Pod-10,CA-38,RM-34,2022-01-26,SG-14,L1
2380,G,West,West-North,Zone-B,Pod-2,CA-37,RM-50,2025-04-08,SG-04,L2
2381,P,East,East-South,Zone-C,Pod-10,CA-31,RM-03,2024-09-21,SG-06,L2
2382,U,West,West-North,Zone-E,Pod-1,CA-26,RM-22,2025-11-21,SG-23,L1
2383,G,North,North-Central,Zone-D,Pod-6,CA-20,RM-20,2024-02-02,SG-09,L2
2384,U,North,North-East,Zone-B,Pod-5,CA-47,RM-27,2024-06-26,SG-20,L3
2385,P,North,North-East,Zone-D,Pod-8,CA-49,RM-34,2024-04-13,SG-12,L1
2386,G,South,South-East,Zone-C,Pod-9,CA-37,RM-02,2024-04-06,SG-06,L1
2387,G,South,South-East,Zone-B,Pod-6,CA-46,RM-13,,SG-09,L2
2388,P,West,West-Central,Zone-D,Pod-1,CA-16,RM-24,2022-09-11,SG-16,L3
2389,U,West,West-North,Zone-D,Pod-3,CA-17,RM-48,2023-12-18,SG-23,L1
2390,P,East,East-North,Zone-D,Pod-4,CA-15,RM-42,,SG-08,L3
2391,G,South,South-West,Zone-D,Pod-8,CA-09,RM-42,2025-10-29,SG-06,L3
2392,P,North,North-East,Zone-C,Pod-5,CA-28,RM-25,2023-09-18,SG-12,L2
2393,P,East,East-North,Zone-D,Pod-7,CA-38,RM-07,2024-12-02,SG-01,L3
2394,P,East,East-Central,Zone-E,Pod-2,CA-31,RM-05,2023-09-04,SG-11,L2
2395,U,East,East-South,Zone-C,Pod-4,CA-10,RM-34,2025-08-27,SG-25,L1
2396,G,North,North-Central,Zone-D,Pod-1,CA-42,RM-32,2025-10-26,SG-10,L2
2397,P,West,West-South,Zone-D,Pod-10,CA-13,RM-22,2025-04-09,SG-24,L3
2398,P,South,South-Central,Zone-E,Pod-6,CA-33,RM-20,2024-09-01,SG-06,L3
2399,P,South,South-West,Zone-A,Pod-9,CA-49,RM-12,2023-06-14,SG-22,L2
2400,U,North,North-East,Zone-C,Pod-6,CA-24,RM-17,2023-09-21,SG-19,L2
2401,P,West,West-North,Zone-D,Pod-10,CA-38,RM-40,,SG-03,L2
2402,P,South,South-Central,Zone-A,Pod-5,CA-27,RM-04,2024-02-21,SG-05,L1
2403,G,South,South-West,Zone-D,Pod-6,CA-46,RM-12,2024-07-26,SG-25,L1
2404,G,West,West-South,Zone-B,Pod-8,CA-18,RM-14,2022-04-29,SG-25,L1
2405,P,South,South-West,Zone-A,Pod-7,CA-26,RM-28,2024-06-07,SG-16,L2
2406,G,North,North-East,Zone-E,Pod-6,CA-49,RM-34,2024-02-04,SG-07,L1
2407,U,North,North-Central,Zone-B,Pod-3,CA-07,RM-25,2023-12-07,SG-17,L3
2408,U,East,East-North,Zone-A,Pod-8,CA-47,RM-34,2023-09-03,SG-20,L3
2409,U,East,East-South,Zone-B,Pod-4,CA-11,RM-26,2024-09-30,SG-01,L1
2410,P,South,South-Central,Zone-B,Pod-9,CA-11,RM-08,2022-02-14,SG-12,L3
2411,G,North,North-West,Zone-C,Pod-10,CA-04,RM-43,2025-06-30,SG-04,L3
2412,G,North,North-East,Zone-A,Pod-9,CA-17,RM-31,2024-02-18,SG-23,L1
2413,G,South,South-Central,Zone-A,Pod-9,CA-18,RM-40,2025-09-17,SG-20,L3
2414,G,South,South-West,Zone-A,Pod-5,CA-08,RM-07,2025-06-19,SG-16,L1
2415,P,South,South-West,Zone-E,Pod-7,CA-19,RM-11,2024-01-04,SG-02,L3
2416,G,West,West-North,Zone-D,Pod-2,CA-08,RM-37,2022-01-06,SG-22,L2
2417,P,South,South-East,Zone-E,Pod-2,CA-17,RM-42,,SG-08,L2
2418,G,East,East-South,Zone-D,Pod-1,CA-19,RM-24,,SG-22,L2
2419,G,West,West-Central,Zone-A,Pod-3,CA-43,RM-42,2022-04-04,SG-06,L2
2420,G,East,East-South,Zone-E,Pod-6,CA-22,RM-12,2026-02-10,SG-04,L2
2421,U,West,West-South,Zone-C,Pod-7,CA-42,RM-11,2025-11-13,SG-04,L1
2422,U,North,North-East,Zone-A,Pod-10,CA-44,RM-29,2025-04-24,SG-06,L3
2423,P,West,West-South,Zone-E,Pod-3,CA-31,RM-32,,SG-04,L2
2424,G,West,West-North,Zone-A,Pod-9,CA-50,RM-48,2023-10-06,SG-19,L3
2425,P,South,South-Central,Zone-C,Pod-10,CA-07,RM-28,2025-11-10,SG-22,L3
2426,U,South,South-West,Zone-C,Pod-3,CA-36,RM-40,2025-08-06,SG-02,L1
2427,G,South,South-Central,Zone-D,Pod-8,CA-21,RM-16,2022-12-05,SG-11,L2
2428,U,North,North-Central,Zone-B,Pod-4,CA-06,RM-30,2024-02-15,SG-15,L3
2429,U,West,West-North,Zone-D,Pod-1,CA-07,RM-26,2022-09-01,SG-14,L1
2430,U,North,North-East,Zone-E,Pod-9,CA-36,RM-14,2025-07-29,SG-21,L3
2431,U,West,West-South,Zone-C,Pod-6,CA-36,RM-50,2023-04-02,SG-20,L3
2432,G,West,West-Central,Zone-C,Pod-4,CA-01,RM-22,2022-08-22,SG-12,L3
2433,G,East,East-Central,Zone-E,Pod-3,CA-32,RM-09,2022-08-06,SG-23,L3
2434,G,West,West-North,Zone-C,Pod-7,CA-14,RM-30,2023-01-20,SG-07,L3
2435,P,East,East-North,Zone-D,Pod-10,CA-08,RM-50,,SG-15,L2
2436,P,South,South-West,Zone-A,Pod-7,CA-38,RM-31,2022-04-10,SG-17,L1
2437,P,South,South-Central,Zone-B,Pod-10,CA-21,RM-33,2025-09-08,SG-13,L2
2438,U,South,South-West,Zone-D,Pod-3,CA-09,RM-27,2023-08-26,SG-20,L3
2439,P,East,East-Central,Zone-E,Pod-9,CA-41,RM-14,2025-12-28,SG-07,L1
2440,P,East,East-Central,Zone-C,Pod-3,CA-33,RM-35,2022-09-29,SG-23,L3
2441,U,East,East-Central,Zone-A,Pod-10,CA-37,RM-43,2025-02-25,SG-23,L2
2442,U,East,East-South,Zone-A,Pod-3,CA-04,RM-43,2022-02-21,SG-02,L1
2443,G,East,East-North,Zone-C,Pod-5,CA-14,RM-49,2022-10-27,SG-18,L1
2444,P,East,East-South,Zone-A,Pod-9,CA-15,RM-48,2025-10-15,SG-21,L3
2445,U,West,West-North,Zone-E,Pod-1,CA-25,RM-25,2025-11-26,SG-14,L3
2446,U,East,East-Central,Zone-A,Pod-4,CA-40,RM-50,,SG-15,L1
2447,P,East,East-Central,Zone-E,Pod-4,CA-19,RM-29,2023-02-07,SG-06,L3
2448,U,North,North-East,Zone-B,Pod-1,CA-28,RM-18,2022-09-02,SG-18,L2
2449,U,South,South-East,Zone-E,Pod-8,CA-46,RM-10,2022-01-12,SG-02,L1
2450,P,East,East-Central,Zone-A,Pod-5,CA-32,RM-37,2025-07-04,SG-18,L2
2451,P,North,North-Central,Zone-C,Pod-2,CA-33,RM-11,2023-01-12,SG-14,L3
2452,P,West,West-North,Zone-C,Pod-6,CA-22,RM-24,2023-03-13,SG-10,L1
2453,U,West,West-Central,Zone-A,Pod-4,CA-42,RM-40,2023-12-10,SG-20,L1
2454,U,North,North-Central,Zone-C,Pod-5,CA-35,RM-47,2022-08-21,SG-10,L1
2455,U,East,East-Central,Zone-E,Pod-4,CA-21,RM-33,2022-03-31,SG-03,L1
2456,G,South,South-Central,Zone-E,Pod-4,CA-43,RM-41,,SG-25,L1
2457,P,West,West-North,Zone-B,Pod-7,CA-42,RM-05,2025-12-10,SG-24,L3
2458,G,South,South-East,Zone-D,Pod-2,CA-04,RM-12,2022-03-19,SG-09,L3
2459,U,North,North-Central,Zone-B,Pod-8,CA-41,RM-26,2024-04-14,SG-14,L2
2460,P,North,North-West,Zone-A,Pod-10,CA-05,RM-49,2025-08-06,SG-24,L3
2461,G,North,North-Central,Zone-A,Pod-5,CA-44,RM-20,2024-10-26,SG-20,L1
2462,G,East,East-South,Zone-D,Pod-8,CA-11,RM-35,2025-09-15,SG-08,L1
2463,U,West,West-Central,Zone-C,Pod-6,CA-01,RM-36,2022-10-23,SG-18,L1
2464,P,North,North-East,Zone-A,Pod-9,CA-06,RM-20,2024-03-18,SG-07,L3
2465,G,East,East-North,Zone-D,Pod-3,CA-12,RM-15,2024-11-15,SG-20,L2
2466,G,South,South-East,Zone-B,Pod-9,CA-30,RM-42,2025-03-07,SG-18,L1
2467,P,East,East-Central,Zone-A,Pod-10,CA-32,RM-22,2023-02-09,SG-12,L1
2468,U,South,South-East,Zone-C,Pod-8,CA-29,RM-22,2023-02-01,SG-20,L3
2469,U,East,East-Central,Zone-E,Pod-6,CA-28,RM-11,2025-03-06,SG-01,L2
2470,G,South,South-East,Zone-D,Pod-6,CA-31,RM-30,2024-01-07,SG-15,L2
2471,P,East,East-South,Zone-E,Pod-2,CA-18,RM-09,2025-08-15,SG-18,L1
2472,P,East,East-Central,Zone-A,Pod-1,CA-38,RM-38,2022-02-08,SG-13,L3
2473,U,South,South-East,Zone-E,Pod-3,CA-24,RM-26,2025-01-10,SG-08,L3
2474,U,East,East-North,Zone-D,Pod-6,CA-33,RM-01,2022-07-05,SG-22,L1
2475,P,South,South-Central,Zone-B,Pod-10,CA-43,RM-10,2023-01-02,SG-24,L3
2476,G,West,West-South,Zone-A,Pod-2,CA-17,RM-24,2024-09-25,SG-08,L1
2477,G,South,South-Central,Zone-C,Pod-1,CA-42,RM-21,2024-07-20,SG-04,L3
2478,G,East,East-Central,Zone-C,Pod-7,CA-42,RM-25,2025-03-13,SG-12,L3
2479,P,North,North-Central,Zone-C,Pod-7,CA-23,RM-23,2023-04-02,SG-16,L2
2480,G,North,North-Central,Zone-B,Pod-9,CA-42,RM-18,2023-04-17,SG-07,L1
2481,P,South,South-East,Zone-C,Pod-4,CA-27,RM-22,2022-08-31,SG-24,L1
2482,G,West,West-Central,Zone-D,Pod-7,CA-02,RM-16,2025-04-24,SG-02,L1
2483,P,South,South-East,Zone-E,Pod-3,CA-04,RM-11,,SG-09,L1
2484,P,West,West-Central,Zone-E,Pod-5,CA-06,RM-14,2026-01-13,SG-15,L3
2485,P,West,West-South,Zone-B,Pod-3,CA-38,RM-50,2024-04-21,SG-06,L3
2486,P,East,East-North,Zone-C,Pod-2,CA-15,RM-25,2025-05-06,SG-13,L1
2487,P,North,North-East,Zone-B,Pod-7,CA-10,RM-39,2024-10-29,SG-04,L1
2488,P,West,West-Central,Zone-E,Pod-9,CA-49,RM-08,,SG-03,L2
2489,P,South,South-Central,Zone-E,Pod-7,CA-34,RM-27,2025-10-21,SG-12,L1
2490,U,West,West-North,Zone-D,Pod-10,CA-48,RM-49,2024-02-20,SG-23,L3
2491,G,North,North-West,Zone-B,Pod-5,CA-39,RM-35,2023-04-22,SG-14,L2
2492,P,South,South-East,Zone-A,Pod-1,CA-25,RM-42,2022-08-30,SG-07,L3
2493,P,East,East-South,Zone-C,Pod-10,CA-17,RM-17,2024-05-22,SG-18,L2
2494,G,East,East-Central,Zone-C,Pod-7,CA-36,RM-36,2024-03-24,SG-16,L1
2495,P,East,East-Central,Zone-E,Pod-6,CA-50,RM-46,2023-09-21,SG-13,L3
2496,P,South,South-Central,Zone-A,Pod-3,CA-07,RM-14,2024-07-03,SG-17,L2
2497,G,East,East-Central,Zone-E,Pod-3,CA-25,RM-41,2025-12-18,SG-01,L1
2498,U,South,South-West,Zone-E,Pod-4,CA-24,RM-06,2022-05-12,SG-20,L1
2499,P,West,West-South,Zone-E,Pod-10,CA-04,RM-50,2023-08-10,SG-06,L3
2500,P,West,West-South,Zone-A,Pod-5,CA-13,RM-03,2025-09-07,SG-20,L3
2501,G,South,South-Central,Zone-B,Pod-1,CA-11,RM-06,2024-01-07,SG-09,L2
2502,P,East,East-Central,Zone-D,Pod-1,CA-48,RM-46,2023-02-15,SG-03,L1
2503,U,East,East-Central,Zone-E,Pod-5,CA-15,RM-39,2023-12-14,SG-07,L2
2504,P,West,West-Central,Zone-A,Pod-2,CA-36,RM-05,2024-04-13,SG-17,L2
2505,P,East,East-North,Zone-E,Pod-5,CA-45,RM-29,2025-01-06,SG-13,L3
2506,P,West,West-North,Zone-C,Pod-8,CA-38,RM-02,2024-07-28,SG-16,L1
2507,P,East,East-North,Zone-D,Pod-4,CA-21,RM-27,2023-03-28,SG-12,L3
2508,U,North,North-Central,Zone-C,Pod-6,CA-05,RM-36,2022-07-10,SG-06,L2
2509,G,East,East-South,Zone-B,Pod-4,CA-32,RM-48,2023-07-06,SG-07,L1
2510,P,South,South-West,Zone-B,Pod-6,CA-10,RM-50,2023-05-27,SG-04,L1
2511,G,North,North-Central,Zone-D,Pod-8,CA-24,RM-40,2025-01-13,SG-11,L2
2512,U,East,East-South,Zone-B,Pod-7,CA-15,RM-49,2024-11-12,SG-19,L1
2513,G,North,North-Central,Zone-D,Pod-9,CA-23,RM-26,2025-01-12,SG-22,L1
2514,G,West,West-North,Zone-E,Pod-1,CA-44,RM-14,2025-11-12,SG-13,L3
2515,G,North,North-West,Zone-C,Pod-9,CA-17,RM-16,2023-06-16,SG-09,L2
2516,U,East,East-South,Zone-B,Pod-6,CA-24,RM-26,2023-03-08,SG-09,L2
2517,G,South,South-Central,Zone-B,Pod-2,CA-47,RM-18,2025-11-05,SG-08,L3
2518,G,West,West-South,Zone-B,Pod-8,CA-01,RM-12,2026-02-21,SG-14,L2
2519,U,South,South-Central,Zone-E,Pod-5,CA-17,RM-36,2023-10-09,SG-19,L1
2520,U,West,West-North,Zone-B,Pod-8,CA-41,RM-07,,SG-15,L3
2521,U,East,East-South,Zone-C,Pod-6,CA-02,RM-27,2025-02-15,SG-04,L2
2522,G,South,South-Central,Zone-E,Pod-5,CA-23,RM-21,2025-01-07,SG-22,L3
2523,P,West,West-Central,Zone-D,Pod-5,CA-30,RM-41,2024-02-20,SG-05,L1
2524,G,East,East-South,Zone-E,Pod-3,CA-22,RM-15,2022-05-27,SG-11,L2
2525,U,East,East-Central,Zone-C,Pod-8,CA-50,RM-24,2024-03-20,SG-24,L3
2526,G,West,West-South,Zone-B,Pod-4,CA-43,RM-17,2022-02-17,SG-24,L3
2527,G,North,North-East,Zone-B,Pod-8,CA-36,RM-04,2022-07-15,SG-01,L2
2528,P,North,North-East,Zone-C,Pod-7,CA-20,RM-15,2022-06-22,SG-08,L3
2529,G,East,East-South,Zone-B,Pod-1,CA-43,RM-23,2022-12-16,SG-11,L2
2530,P,West,West-Central,Zone-C,Pod-9,CA-12,RM-38,2022-10-04,SG-20,L2
2531,U,West,West-Central,Zone-E,Pod-9,CA-15,RM-06,2023-12-13,SG-15,L2
2532,G,East,East-South,Zone-C,Pod-9,CA-49,RM-09,2022-01-22,SG-12,L2
2533,U,West,West-Central,Zone-A,Pod-5,CA-01,RM-50,2024-10-04,SG-14,L2
2534,P,South,South-East,Zone-E,Pod-7,CA-26,RM-16,2024-04-23,SG-06,L3
2535,P,West,West-South,Zone-B,Pod-4,CA-34,RM-49,2024-05-14,SG-20,L3
2536,G,East,East-South,Zone-E,Pod-2,CA-12,RM-09,2024-04-25,SG-10,L1
2537,U,West,West-Central,Zone-D,Pod-4,CA-21,RM-02,2025-06-29,SG-05,L1
2538,P,North,North-East,Zone-A,Pod-8,CA-47,RM-01,2022-09-14,SG-08,L1
2539,U,South,South-East,Zone-D,Pod-8,CA-24,RM-30,2024-05-10,SG-23,L1
2540,U,East,East-North,Zone-B,Pod-2,CA-35,RM-31,,SG-06,L1
2541,G,East,East-South,Zone-A,Pod-7,CA-50,RM-29,2026-01-03,SG-08,L3
2542,P,North,North-East,Zone-D,Pod-4,CA-31,RM-25,2022-07-12,SG-22,L2
2543,P,East,East-North,Zone-A,Pod-2,CA-17,RM-31,2025-01-30,SG-21,L2
2544,G,South,South-West,Zone-A,Pod-4,CA-41,RM-28,2023-03-23,SG-11,L1
2545,G,South,South-West,Zone-E,Pod-1,CA-38,RM-45,2023-05-13,SG-16,L3
2546,G,South,South-West,Zone-A,Pod-10,CA-22,RM-49,2024-10-20,SG-21,L1
2547,G,North,North-West,Zone-B,Pod-8,CA-15,RM-21,2022-08-08,SG-18,L3
2548,U,East,East-South,Zone-B,Pod-6,CA-47,RM-09,,SG-09,L1
2549,P,West,West-Central,Zone-D,Pod-8,CA-13,RM-37,2025-01-16,SG-06,L3
2550,P,East,East-South,Zone-D,Pod-3,CA-05,RM-34,2025-05-11,SG-05,L2
2551,P,East,East-South,Zone-E,Pod-9,CA-25,RM-47,2022-01-02,SG-06,L1
2552,P,East,East-Central,Zone-B,Pod-9,CA-25,RM-13,2022-05-10,SG-17,L3
2553,U,West,West-Central,Zone-B,Pod-6,CA-08,RM-07,2023-10-23,SG-17,L3
2554,G,North,North-East,Zone-B,Pod-2,CA-32,RM-13,2022-03-06,SG-04,L1
2555,P,West,West-Central,Zone-D,Pod-5,CA-04,RM-24,2025-12-07,SG-08,L3
2556,U,North,North-East,Zone-B,Pod-1,CA-24,RM-36,2022-06-13,SG-24,L2
2557,P,East,East-Central,Zone-A,Pod-1,CA-47,RM-05,2023-06-29,SG-10,L1
2558,P,South,South-Central,Zone-A,Pod-7,CA-13,RM-13,2023-04-19,SG-17,L3
2559,U,South,South-Central,Zone-B,Pod-2,CA-50,RM-41,2025-02-17,SG-19,L2
2560,G,West,West-Central,Zone-D,Pod-9,CA-26,RM-33,2022-12-08,SG-11,L3
2561,U,South,South-Central,Zone-E,Pod-9,CA-21,RM-24,2023-12-23,SG-14,L3
2562,P,West,West-Central,Zone-C,Pod-4,CA-25,RM-50,2025-02-27,SG-18,L3
2563,G,East,East-South,Zone-D,Pod-1,CA-19,RM-39,2024-03-24,SG-01,L3
2564,G,South,South-West,Zone-A,Pod-6,CA-02,RM-50,2023-03-31,SG-23,L2
2565,G,South,South-East,Zone-A,Pod-5,CA-24,RM-38,2022-11-16,SG-08,L1
2566,G,East,East-South,Zone-A,Pod-2,CA-47,RM-21,2025-03-11,SG-16,L1
2567,P,West,West-Central,Zone-E,Pod-5,CA-03,RM-47,2022-07-15,SG-19,L2
2568,U,North,North-East,Zone-C,Pod-2,CA-50,RM-15,2024-06-08,SG-24,L3
2569,P,North,North-Central,Zone-D,Pod-1,CA-21,RM-35,,SG-19,L1
2570,P,East,East-Central,Zone-B,Pod-7,CA-29,RM-49,2025-10-11,SG-20,L3
2571,G,North,North-East,Zone-D,Pod-3,CA-22,RM-06,2024-03-18,SG-16,L3
2572,P,North,North-Central,Zone-D,Pod-7,CA-50,RM-45,2024-03-27,SG-05,L1
2573,P,West,West-Central,Zone-B,Pod-4,CA-36,RM-40,2025-08-28,SG-24,L3
2574,U,South,South-East,Zone-A,Pod-10,CA-06,RM-08,2024-05-30,SG-22,L2
2575,P,West,West-South,Zone-C,Pod-1,CA-50,RM-20,2023-12-07,SG-06,L2
2576,G,West,West-Central,Zone-B,Pod-6,CA-10,RM-49,2023-04-24,SG-24,L1
2577,G,North,North-Central,Zone-A,Pod-5,CA-01,RM-22,2025-06-25,SG-23,L1
2578,G,East,East-South,Zone-D,Pod-9,CA-14,RM-14,,SG-18,L3
2579,P,East,East-Central,Zone-D,Pod-1,CA-25,RM-38,2022-10-17,SG-22,L3
2580,G,North,North-West,Zone-B,Pod-10,CA-18,RM-04,,SG-15,L3
2581,P,North,North-East,Zone-D,Pod-6,CA-07,RM-02,2025-09-19,SG-10,L3
2582,G,West,West-North,Zone-D,Pod-6,CA-32,RM-39,2025-12-24,SG-18,L1
2583,P,South,South-East,Zone-E,Pod-1,CA-03,RM-16,2025-02-22,SG-17,L2
2584,U,East,East-South,Zone-D,Pod-6,CA-23,RM-41,2022-02-07,SG-10,L1
2585,P,East,East-North,Zone-C,Pod-5,CA-15,RM-10,2022-03-02,SG-11,L2
2586,P,South,South-East,Zone-D,Pod-4,CA-27,RM-16,2025-10-20,SG-19,L1
2587,G,West,West-South,Zone-E,Pod-4,CA-42,RM-09,2025-01-15,SG-19,L3
2588,G,South,South-East,Zone-C,Pod-7,CA-50,RM-10,2024-12-08,SG-21,L3
2589,G,South,South-West,Zone-A,Pod-3,CA-21,RM-10,2026-01-13,SG-24,L1
2590,P,East,East-South,Zone-D,Pod-5,CA-10,RM-50,2025-07-28,SG-07,L1
2591,P,South,South-East,Zone-A,Pod-5,CA-39,RM-37,2025-06-07,SG-20,L1
2592,U,South,South-East,Zone-A,Pod-3,CA-33,RM-39,2025-11-10,SG-16,L3
2593,G,East,East-North,Zone-D,Pod-4,CA-15,RM-03,2022-10-09,SG-14,L1
2594,G,East,East-South,Zone-B,Pod-2,CA-12,RM-29,2023-02-20,SG-20,L2
2595,P,East,East-South,Zone-B,Pod-7,CA-47,RM-21,2022-03-27,SG-13,L3
2596,G,North,North-Central,Zone-A,Pod-9,CA-35,RM-26,2022-03-28,SG-24,L1
2597,U,West,West-Central,Zone-A,Pod-5,CA-50,RM-19,2024-06-19,SG-15,L1
2598,P,West,West-South,Zone-E,Pod-3,CA-30,RM-42,2025-11-14,SG-15,L1
2599,P,North,North-East,Zone-E,Pod-3,CA-26,RM-27,2025-11-26,SG-11,L2
2600,G,North,North-East,Zone-D,Pod-8,CA-06,RM-17,2025-12-30,SG-11,L3
2601,U,South,South-Central,Zone-A,Pod-6,CA-06,RM-34,2025-12-17,SG-23,L2
2602,U,South,South-West,Zone-E,Pod-10,CA-43,RM-10,2022-12-16,SG-06,L1
2603,P,South,South-Central,Zone-A,Pod-8,CA-19,RM-41,2023-09-26,SG-06,L1
2604,G,South,South-East,Zone-A,Pod-8,CA-32,RM-32,2023-06-03,SG-18,L1
2605,U,West,West-North,Zone-B,Pod-7,CA-29,RM-06,2024-09-01,SG-20,L3
2606,P,North,North-East,Zone-E,Pod-4,CA-04,RM-12,2025-07-11,SG-05,L1
2607,P,East,East-North,Zone-B,Pod-10,CA-20,RM-22,2025-09-28,SG-03,L1
2608,P,North,North-West,Zone-B,Pod-10,CA-37,RM-36,2023-08-06,SG-06,L2
2609,U,East,East-North,Zone-A,Pod-7,CA-05,RM-49,2023-10-24,SG-14,L3
2610,U,North,North-West,Zone-D,Pod-6,CA-34,RM-27,2025-11-23,SG-17,L1
2611,P,South,South-Central,Zone-A,Pod-9,CA-06,RM-31,2026-02-03,SG-24,L3
2612,P,East,East-South,Zone-E,Pod-10,CA-40,RM-23,2023-06-16,SG-05,L3
2613,P,West,West-Central,Zone-D,Pod-4,CA-46,RM-19,2023-01-04,SG-07,L1
2614,P,North,North-East,Zone-D,Pod-4,CA-40,RM-27,2022-08-30,SG-14,L1
2615,G,East,East-South,Zone-E,Pod-4,CA-45,RM-19,2023-03-11,SG-09,L1
2616,G,East,East-South,Zone-E,Pod-6,CA-22,RM-26,2022-01-13,SG-24,L3
2617,P,North,North-East,Zone-B,Pod-8,CA-31,RM-03,2023-11-24,SG-21,L1
2618,U,West,West-North,Zone-D,Pod-8,CA-27,RM-48,2025-01-04,SG-02,L3
2619,G,East,East-Central,Zone-C,Pod-10,CA-44,RM-22,2022-02-08,SG-12,L1
2620,P,South,South-West,Zone-A,Pod-9,CA-11,RM-37,2024-02-08,SG-20,L2
2621,P,South,South-Central,Zone-A,Pod-6,CA-46,RM-03,2023-09-24,SG-09,L2
2622,G,North,North-West,Zone-B,Pod-9,CA-20,RM-12,2023-09-12,SG-04,L2
2623,U,North,North-East,Zone-A,Pod-9,CA-10,RM-13,2022-02-21,SG-11,L2
2624,P,East,East-South,Zone-B,Pod-3,CA-14,RM-47,2022-07-21,SG-02,L2
2625,G,West,West-Central,Zone-E,Pod-10,CA-06,RM-22,2023-09-29,SG-15,L1
2626,U,North,North-Central,Zone-C,Pod-4,CA-21,RM-13,,SG-07,L2
2627,G,East,East-Central,Zone-C,Pod-5,CA-10,RM-11,2025-10-06,SG-09,L1
2628,P,North,North-Central,Zone-E,Pod-6,CA-36,RM-21,2023-02-28,SG-09,L1
2629,P,East,East-Central,Zone-B,Pod-6,CA-35,RM-29,2023-09-30,SG-02,L1
2630,G,North,North-West,Zone-A,Pod-7,CA-26,RM-12,2022-04-21,SG-23,L3
2631,P,West,West-Central,Zone-C,Pod-9,CA-06,RM-49,2023-02-10,SG-25,L2
2632,P,South,South-East,Zone-D,Pod-8,CA-31,RM-15,2023-09-28,SG-08,L1
2633,U,East,East-South,Zone-D,Pod-6,CA-30,RM-32,2025-09-24,SG-01,L1
2634,U,West,West-North,Zone-C,Pod-6,CA-39,RM-37,2022-12-16,SG-05,L3
2635,G,North,North-West,Zone-A,Pod-5,CA-35,RM-30,2025-08-23,SG-13,L3
2636,U,West,West-North,Zone-E,Pod-7,CA-05,RM-22,2022-11-22,SG-07,L3
2637,P,West,West-South,Zone-E,Pod-4,CA-12,RM-43,2025-01-20,SG-22,L1
2638,P,West,West-North,Zone-E,Pod-2,CA-29,RM-12,2023-10-29,SG-10,L2
2639,U,North,North-Central,Zone-A,Pod-6,CA-32,RM-42,2025-05-06,SG-22,L1
2640,G,North,North-East,Zone-B,Pod-3,CA-43,RM-10,2025-07-26,SG-15,L3
2641,G,East,East-South,Zone-E,Pod-6,CA-20,RM-37,2023-02-05,SG-22,L2
2642,G,West,West-Central,Zone-C,Pod-10,CA-33,RM-26,2025-04-08,SG-05,L2
2643,P,North,North-West,Zone-E,Pod-9,CA-23,RM-08,2022-01-02,SG-10,L1
2644,P,South,South-West,Zone-E,Pod-7,CA-26,RM-25,2023-10-14,SG-14,L3
2645,P,South,South-Central,Zone-B,Pod-7,CA-24,RM-27,2023-01-21,SG-05,L2
2646,G,South,South-East,Zone-A,Pod-3,CA-47,RM-32,,SG-22,L2
2647,U,South,South-East,Zone-B,Pod-10,CA-28,RM-40,2024-05-01,SG-06,L2
2648,G,West,West-Central,Zone-D,Pod-7,CA-39,RM-01,2023-04-08,SG-19,L2
2649,P,South,South-Central,Zone-E,Pod-6,CA-03,RM-03,2025-01-23,SG-19,L2
2650,G,East,East-North,Zone-E,Pod-3,CA-47,RM-47,2025-11-15,SG-17,L2
2651,G,West,West-Central,Zone-A,Pod-4,CA-31,RM-41,2025-06-03,SG-24,L3
2652,P,North,North-Central,Zone-E,Pod-1,CA-22,RM-35,2023-10-02,SG-25,L1
2653,P,West,West-South,Zone-E,Pod-6,CA-27,RM-23,2025-03-21,SG-10,L2
2654,P,South,South-East,Zone-E,Pod-5,CA-04,RM-41,2026-01-28,SG-16,L3
2655,P,South,South-Central,Zone-A,Pod-10,CA-02,RM-19,2023-08-21,SG-16,L1
2656,U,South,South-Central,Zone-A,Pod-3,CA-40,RM-18,2023-07-24,SG-09,L2
2657,P,North,North-Central,Zone-A,Pod-3,CA-43,RM-29,2025-04-26,SG-12,L1
2658,G,East,East-Central,Zone-B,Pod-6,CA-06,RM-10,2024-12-16,SG-20,L1
2659,P,West,West-South,Zone-D,Pod-3,CA-14,RM-37,2024-06-20,SG-24,L2
2660,G,North,North-Central,Zone-C,Pod-3,CA-30,RM-26,2022-08-26,SG-16,L2
2661,P,West,West-Central,Zone-E,Pod-7,CA-31,RM-17,2025-10-31,SG-05,L3
2662,U,West,West-North,Zone-C,Pod-6,CA-34,RM-44,2024-07-08,SG-02,L1
2663,U,East,East-South,Zone-E,Pod-5,CA-18,RM-07,2023-07-13,SG-09,L3
2664,G,West,West-South,Zone-B,Pod-9,CA-22,RM-44,2025-04-20,SG-23,L1
2665,G,East,East-Central,Zone-A,Pod-7,CA-07,RM-34,2022-05-20,SG-04,L3
2666,G,West,West-South,Zone-B,Pod-1,CA-02,RM-40,2023-05-31,SG-03,L1
2667,G,South,South-Central,Zone-A,Pod-10,CA-09,RM-25,2022-09-03,SG-22,L3
2668,P,South,South-East,Zone-B,Pod-2,CA-41,RM-30,2024-08-14,SG-09,L2
2669,G,East,East-South,Zone-B,Pod-7,CA-25,RM-22,2023-07-22,SG-02,L2
2670,G,East,East-North,Zone-D,Pod-10,CA-26,RM-12,,SG-21,L2
2671,P,North,North-East,Zone-E,Pod-2,CA-29,RM-46,2023-03-24,SG-09,L1
2672,U,North,North-East,Zone-A,Pod-1,CA-32,RM-10,2023-05-29,SG-21,L3
2673,U,North,North-East,Zone-D,Pod-7,CA-37,RM-01,2025-12-04,SG-17,L3
2674,G,West,West-South,Zone-D,Pod-9,CA-15,RM-01,2026-01-30,SG-13,L3
2675,U,West,West-North,Zone-E,Pod-5,CA-26,RM-04,2024-01-06,SG-21,L3
2676,G,North,North-West,Zone-E,Pod-8,CA-49,RM-50,2023-11-28,SG-10,L3
2677,U,South,South-East,Zone-E,Pod-4,CA-20,RM-45,,SG-13,L1
2678,P,East,East-South,Zone-A,Pod-4,CA-09,RM-03,2024-06-15,SG-07,L1
2679,P,South,South-West,Zone-D,Pod-5,CA-32,RM-35,,SG-15,L1
2680,G,North,North-West,Zone-A,Pod-7,CA-08,RM-14,2026-01-16,SG-21,L3
2681,G,West,West-Central,Zone-E,Pod-2,CA-03,RM-48,2025-04-01,SG-05,L2
2682,P,North,North-West,Zone-E,Pod-3,CA-01,RM-12,,SG-21,L1
2683,G,East,East-North,Zone-D,Pod-2,CA-08,RM-32,2025-04-25,SG-20,L3
2684,P,South,South-East,Zone-B,Pod-7,CA-21,RM-08,2026-02-20,SG-22,L3
2685,G,South,South-West,Zone-B,Pod-6,CA-05,RM-08,2025-04-29,SG-09,L1
2686,G,West,West-North,Zone-C,Pod-10,CA-03,RM-09,2024-06-17,SG-04,L3
2687,G,West,West-North,Zone-A,Pod-1,CA-12,RM-06,2022-06-15,SG-23,L3
2688,G,East,East-South,Zone-D,Pod-5,CA-34,RM-29,2023-02-27,SG-14,L1
2689,U,South,South-Central,Zone-A,Pod-10,CA-06,RM-41,2026-01-08,SG-10,L2
2690,P,West,West-North,Zone-E,Pod-2,CA-40,RM-24,2022-08-29,SG-25,L3
2691,G,South,South-West,Zone-B,Pod-3,CA-44,RM-31,2023-02-01,SG-16,L1
2692,U,South,South-Central,Zone-A,Pod-5,CA-14,RM-28,,SG-09,L2
2693,G,West,West-North,Zone-A,Pod-3,CA-02,RM-32,2025-01-05,SG-17,L1
2694,U,North,North-East,Zone-D,Pod-4,CA-48,RM-44,2023-10-30,SG-11,L1
2695,U,North,North-West,Zone-B,Pod-4,CA-25,RM-15,2026-02-19,SG-03,L2
2696,U,West,West-North,Zone-D,Pod-3,CA-25,RM-24,2025-06-02,SG-05,L2
2697,U,South,South-Central,Zone-C,Pod-3,CA-03,RM-45,2023-02-19,SG-19,L1
2698,U,East,East-North,Zone-A,Pod-3,CA-49,RM-22,2024-07-28,SG-08,L2
2699,P,South,South-Central,Zone-E,Pod-4,CA-06,RM-27,2025-03-29,SG-17,L2
2700,G,South,South-Central,Zone-D,Pod-7,CA-48,RM-16,2023-07-26,SG-08,L2
2701,G,West,West-Central,Zone-B,Pod-10,CA-01,RM-27,2025-04-26,SG-02,L1
2702,P,West,West-Central,Zone-E,Pod-7,CA-31,RM-45,,SG-04,L2
2703,P,West,West-North,Zone-A,Pod-7,CA-14,RM-09,2022-01-26,SG-12,L2
2704,P,South,South-Central,Zone-A,Pod-5,CA-11,RM-46,,SG-15,L3
2705,U,North,North-West,Zone-D,Pod-3,CA-24,RM-41,2025-12-11,SG-15,L3
2706,U,North,North-Central,Zone-A,Pod-9,CA-03,RM-19,2025-11-15,SG-14,L2
2707,P,South,South-Central,Zone-A,Pod-1,CA-33,RM-44,2023-11-19,SG-12,L1
2708,U,North,North-West,Zone-C,Pod-6,CA-12,RM-42,2022-03-25,SG-18,L3
2709,G,North,North-Central,Zone-B,Pod-9,CA-08,RM-42,2023-11-17,SG-16,L3
2710,P,South,South-Central,Zone-B,Pod-7,CA-18,RM-04,2023-07-02,SG-03,L2
2711,U,East,East-South,Zone-D,Pod-9,CA-44,RM-35,2022-09-09,SG-10,L2
2712,G,East,East-Central,Zone-A,Pod-2,CA-26,RM-12,2024-07-26,SG-10,L1
2713,U,North,North-East,Zone-C,Pod-3,CA-14,RM-34,2022-10-31,SG-21,L1
2714,U,East,East-South,Zone-E,Pod-7,CA-29,RM-48,2024-08-28,SG-21,L1
2715,G,East,East-North,Zone-A,Pod-9,CA-42,RM-22,,SG-14,L3
2716,P,East,East-Central,Zone-C,Pod-9,CA-36,RM-29,2025-09-25,SG-15,L2
2717,U,South,South-West,Zone-B,Pod-6,CA-19,RM-50,2023-04-10,SG-02,L1
2718,G,East,East-South,Zone-D,Pod-9,CA-19,RM-12,2025-06-20,SG-06,L3
2719,P,South,South-East,Zone-B,Pod-3,CA-29,RM-17,2023-10-11,SG-12,L1
2720,G,South,South-Central,Zone-A,Pod-6,CA-29,RM-35,2023-12-06,SG-06,L3
2721,G,East,East-North,Zone-A,Pod-8,CA-21,RM-10,2024-10-19,SG-01,L3
2722,P,East,East-Central,Zone-C,Pod-3,CA-37,RM-47,2023-08-17,SG-15,L2
2723,P,North,North-Central,Zone-D,Pod-9,CA-08,RM-20,2022-10-13,SG-01,L2
2724,P,South,South-West,Zone-C,Pod-4,CA-38,RM-34,2022-04-23,SG-08,L2
2725,P,South,South-East,Zone-A,Pod-2,CA-33,RM-26,2024-07-01,SG-07,L2
2726,P,East,East-Central,Zone-E,Pod-6,CA-26,RM-10,2022-04-25,SG-23,L2
2727,U,East,East-South,Zone-C,Pod-6,CA-20,RM-29,,SG-18,L1
2728,U,South,South-Central,Zone-D,Pod-5,CA-11,RM-47,2024-05-01,SG-14,L3
2729,G,West,West-North,Zone-E,Pod-5,CA-31,RM-34,2022-10-22,SG-11,L1
2730,U,West,West-North,Zone-A,Pod-3,CA-36,RM-30,2023-07-14,SG-23,L3
2731,P,South,South-East,Zone-B,Pod-8,CA-03,RM-20,2023-08-16,SG-19,L2
2732,G,West,West-Central,Zone-D,Pod-5,CA-20,RM-41,2022-01-06,SG-21,L2
2733,P,North,North-Central,Zone-C,Pod-4,CA-02,RM-08,2024-10-04,SG-25,L2
2734,U,West,West-North,Zone-E,Pod-10,CA-28,RM-17,2025-04-05,SG-21,L3
2735,P,West,West-Central,Zone-A,Pod-1,CA-17,RM-11,2026-02-10,SG-19,L1
2736,U,South,South-West,Zone-D,Pod-3,CA-04,RM-18,2022-10-05,SG-12,L2
2737,G,East,East-North,Zone-C,Pod-9,CA-13,RM-50,2025-08-01,SG-21,L1
2738,P,North,North-Central,Zone-B,Pod-5,CA-18,RM-44,2023-10-10,SG-23,L3
2739,G,East,East-North,Zone-E,Pod-3,CA-34,RM-19,2022-10-22,SG-12,L2
2740,P,West,West-South,Zone-B,Pod-4,CA-13,RM-36,2022-11-13,SG-20,L3
2741,G,North,North-West,Zone-D,Pod-1,CA-31,RM-23,2022-08-27,SG-10,L3
2742,P,East,East-North,Zone-D,Pod-6,CA-12,RM-46,2025-05-08,SG-10,L1
2743,P,North,North-East,Zone-B,Pod-4,CA-20,RM-09,2022-10-19,SG-07,L1
2744,U,North,North-West,Zone-A,Pod-7,CA-03,RM-13,,SG-04,L1
2745,G,North,North-West,Zone-A,Pod-5,CA-43,RM-01,2022-03-30,SG-25,L1
2746,G,North,North-Central,Zone-B,Pod-6,CA-02,RM-06,2023-02-14,SG-05,L3
2747,P,East,East-Central,Zone-C,Pod-10,CA-16,RM-33,2024-10-22,SG-19,L1
2748,G,North,North-Central,Zone-A,Pod-5,CA-11,RM-49,2026-01-05,SG-18,L1
2749,U,North,North-East,Zone-E,Pod-10,CA-12,RM-29,2024-08-30,SG-22,L1
2750,G,South,South-West,Zone-D,Pod-7,CA-08,RM-49,2024-11-19,SG-11,L1
2751,P,West,West-North,Zone-E,Pod-5,CA-36,RM-47,2024-01-10,SG-02,L1
2752,P,East,East-South,Zone-A,Pod-5,CA-44,RM-29,2024-07-24,SG-08,L3
2753,U,West,West-South,Zone-D,Pod-6,CA-12,RM-01,2022-05-23,SG-22,L2
2754,G,North,North-West,Zone-D,Pod-2,CA-10,RM-26,2025-10-17,SG-13,L3
2755,G,North,North-Central,Zone-B,Pod-6,CA-13,RM-39,,SG-13,L1
2756,P,South,South-West,Zone-D,Pod-10,CA-18,RM-49,2026-01-01,SG-21,L2
2757,P,East,East-South,Zone-E,Pod-5,CA-10,RM-50,2024-09-19,SG-15,L1
2758,G,North,North-West,Zone-D,Pod-1,CA-07,RM-48,2025-07-10,SG-02,L1
2759,P,West,West-Central,Zone-A,Pod-6,CA-10,RM-20,2024-02-23,SG-20,L3
2760,G,North,North-East,Zone-E,Pod-5,CA-43,RM-32,2024-08-12,SG-16,L3
2761,P,East,East-Central,Zone-C,Pod-1,CA-49,RM-03,2025-01-12,SG-14,L1
2762,U,West,West-South,Zone-C,Pod-1,CA-03,RM-12,2024-06-25,SG-18,L3
2763,U,East,East-Central,Zone-B,Pod-7,CA-32,RM-49,2022-10-03,SG-04,L3
2764,U,West,West-Central,Zone-E,Pod-8,CA-36,RM-11,2025-03-17,SG-17,L1
2765,P,West,West-South,Zone-D,Pod-6,CA-50,RM-19,2024-02-13,SG-11,L1
2766,U,North,North-Central,Zone-A,Pod-10,CA-02,RM-49,2024-01-21,SG-21,L2
2767,U,West,West-North,Zone-D,Pod-6,CA-04,RM-43,2024-01-02,SG-08,L1
2768,G,South,South-Central,Zone-C,Pod-5,CA-08,RM-22,2025-11-10,SG-06,L1
2769,P,East,East-North,Zone-D,Pod-9,CA-27,RM-18,2024-05-15,SG-01,L3
2770,P,West,West-Central,Zone-A,Pod-7,CA-21,RM-37,2024-02-13,SG-04,L2
2771,P,North,North-Central,Zone-B,Pod-6,CA-11,RM-40,2024-10-26,SG-10,L2
2772,P,West,West-North,Zone-D,Pod-4,CA-19,RM-17,2022-06-04,SG-02,L2
2773,P,West,West-North,Zone-E,Pod-10,CA-07,RM-38,2022-07-08,SG-11,L2
2774,U,North,North-Central,Zone-E,Pod-2,CA-42,RM-20,2023-03-06,SG-17,L2
2775,U,West,West-Central,Zone-E,Pod-5,CA-40,RM-33,2024-04-28,SG-15,L3
2776,U,South,South-East,Zone-E,Pod-4,CA-43,RM-48,2025-03-27,SG-15,L2
2777,U,West,West-Central,Zone-A,Pod-3,CA-16,RM-10,2024-01-17,SG-24,L3
2778,P,East,East-South,Zone-D,Pod-4,CA-27,RM-18,2022-05-12,SG-10,L3
2779,G,South,South-West,Zone-E,Pod-3,CA-13,RM-02,2023-05-04,SG-08,L2
2780,P,West,West-South,Zone-E,Pod-1,CA-13,RM-11,2024-05-14,SG-09,L1
2781,P,North,North-West,Zone-C,Pod-1,CA-47,RM-32,2022-12-27,SG-01,L1
2782,U,North,North-West,Zone-E,Pod-6,CA-43,RM-43,2022-05-11,SG-03,L2
2783,G,South,South-East,Zone-A,Pod-9,CA-43,RM-38,2024-10-21,SG-25,L3
2784,U,East,East-South,Zone-A,Pod-6,CA-38,RM-48,2022-09-08,SG-13,L3
2785,G,South,South-West,Zone-B,Pod-5,CA-29,RM-27,2022-12-25,SG-09,L3
2786,U,North,North-West,Zone-E,Pod-9,CA-28,RM-31,2022-08-20,SG-22,L1
2787,U,East,East-North,Zone-C,Pod-1,CA-42,RM-39,2024-01-24,SG-02,L3
2788,U,North,North-Central,Zone-B,Pod-6,CA-44,RM-08,2024-02-27,SG-18,L1
2789,U,West,West-South,Zone-A,Pod-5,CA-06,RM-49,2024-03-15,SG-08,L2
2790,U,South,South-East,Zone-D,Pod-1,CA-18,RM-06,2025-08-12,SG-25,L2
2791,P,West,West-Central,Zone-D,Pod-7,CA-07,RM-11,2023-11-13,SG-23,L2
2792,P,North,North-West,Zone-D,Pod-6,CA-30,RM-45,2025-01-26,SG-01,L1
2793,G,South,South-Central,Zone-D,Pod-7,CA-13,RM-41,2022-10-06,SG-10,L2
2794,P,North,North-East,Zone-B,Pod-3,CA-39,RM-44,2026-01-01,SG-14,L2
2795,P,West,West-South,Zone-B,Pod-6,CA-19,RM-13,2025-11-08,SG-03,L2
2796,G,East,East-North,Zone-D,Pod-1,CA-02,RM-36,2025-03-14,SG-21,L3
2797,G,South,South-East,Zone-D,Pod-1,CA-26,RM-40,2025-12-07,SG-14,L3
2798,P,East,East-North,Zone-A,Pod-2,CA-01,RM-46,2022-12-15,SG-17,L2
2799,G,West,West-Central,Zone-D,Pod-4,CA-18,RM-19,2026-01-01,SG-24,L2
2800,G,West,West-North,Zone-D,Pod-5,CA-47,RM-44,2025-05-13,SG-07,L2
2801,U,South,South-West,Zone-B,Pod-4,CA-40,RM-29,,SG-08,L2
2802,P,West,West-North,Zone-A,Pod-7,CA-44,RM-14,2023-10-25,SG-23,L2
2803,P,West,West-Central,Zone-E,Pod-1,CA-04,RM-22,2022-07-15,SG-08,L2
2804,G,East,East-Central,Zone-E,Pod-5,CA-33,RM-40,2022-04-04,SG-13,L2
2805,G,West,West-Central,Zone-C,Pod-10,CA-12,RM-17,2025-02-19,SG-06,L3
2806,P,West,West-South,Zone-D,Pod-9,CA-28,RM-10,2023-10-12,SG-09,L1
2807,P,East,East-North,Zone-B,Pod-6,CA-28,RM-19,2023-07-30,SG-09,L3
2808,U,East,East-Central,Zone-C,Pod-8,CA-49,RM-10,2022-12-04,SG-18,L3
2809,G,West,West-North,Zone-B,Pod-1,CA-31,RM-17,2023-04-16,SG-06,L3
2810,G,West,West-South,Zone-A,Pod-8,CA-23,RM-46,2024-10-10,SG-18,L2
2811,G,West,West-South,Zone-A,Pod-6,CA-06,RM-14,2022-10-31,SG-10,L1
2812,P,South,South-Central,Zone-E,Pod-10,CA-14,RM-38,2025-02-27,SG-01,L3
2813,P,South,South-West,Zone-A,Pod-2,CA-22,RM-02,2024-10-17,SG-10,L3
2814,U,North,North-West,Zone-C,Pod-3,CA-02,RM-06,2022-08-06,SG-15,L3
2815,U,West,West-South,Zone-C,Pod-1,CA-42,RM-40,2022-01-12,SG-15,L2
2816,U,South,South-East,Zone-A,Pod-1,CA-48,RM-05,2023-08-03,SG-18,L3
2817,U,West,West-North,Zone-D,Pod-2,CA-02,RM-14,2023-05-07,SG-06,L2
2818,U,West,West-South,Zone-B,Pod-5,CA-44,RM-39,2024-10-02,SG-05,L2
2819,U,North,North-West,Zone-E,Pod-8,CA-18,RM-37,2024-07-01,SG-20,L2
2820,P,North,North-West,Zone-C,Pod-7,CA-06,RM-03,2024-06-08,SG-17,L2
2821,G,West,West-Central,Zone-B,Pod-8,CA-34,RM-41,2026-01-01,SG-21,L3
2822,U,North,North-West,Zone-D,Pod-3,CA-09,RM-44,2024-09-05,SG-10,L1
2823,G,West,West-South,Zone-E,Pod-1,CA-33,RM-07,,SG-17,L2
2824,U,West,West-North,Zone-D,Pod-6,CA-17,RM-38,2025-03-10,SG-03,L3
2825,U,North,North-East,Zone-D,Pod-1,CA-06,RM-27,2023-01-09,SG-23,L2
2826,P,East,East-Central,Zone-D,Pod-5,CA-22,RM-12,2024-07-10,SG-07,L1
2827,G,North,North-Central,Zone-E,Pod-7,CA-35,RM-02,2025-10-11,SG-01,L2
2828,P,North,North-East,Zone-B,Pod-7,CA-43,RM-48,2024-07-31,SG-20,L3
2829,U,West,West-South,Zone-E,Pod-7,CA-20,RM-06,2025-06-17,SG-05,L1
2830,G,North,North-East,Zone-A,Pod-1,CA-14,RM-31,2025-11-26,SG-21,L1
2831,U,South,South-West,Zone-E,Pod-3,CA-31,RM-28,2023-09-09,SG-01,L1
2832,G,South,South-East,Zone-D,Pod-8,CA-38,RM-16,2024-08-23,SG-07,L2
2833,P,West,West-North,Zone-C,Pod-7,CA-27,RM-32,,SG-24,L3
2834,P,East,East-North,Zone-D,Pod-10,CA-44,RM-32,2024-11-17,SG-08,L3
2835,P,North,North-Central,Zone-A,Pod-2,CA-18,RM-42,2023-10-09,SG-14,L2
2836,U,North,North-West,Zone-E,Pod-7,CA-02,RM-11,2023-12-12,SG-10,L3
2837,G,South,South-West,Zone-C,Pod-10,CA-44,RM-22,2024-11-05,SG-20,L3
2838,U,West,West-North,Zone-C,Pod-6,CA-31,RM-11,2024-03-10,SG-20,L1
2839,G,East,East-Central,Zone-A,Pod-4,CA-11,RM-39,2022-09-22,SG-16,L1
2840,G,West,West-South,Zone-C,Pod-1,CA-23,RM-17,2025-02-14,SG-12,L3
2841,G,South,South-East,Zone-E,Pod-6,CA-28,RM-08,,SG-20,L1
2842,U,North,North-Central,Zone-B,Pod-1,CA-50,RM-36,2023-11-28,SG-09,L1
2843,U,North,North-Central,Zone-A,Pod-2,CA-07,RM-40,2024-06-15,SG-20,L1
2844,G,North,North-Central,Zone-A,Pod-6,CA-11,RM-47,2022-08-30,SG-10,L3
2845,G,West,West-Central,Zone-D,Pod-6,CA-22,RM-09,2022-07-23,SG-04,L1
2846,U,West,West-South,Zone-A,Pod-5,CA-33,RM-11,2024-08-28,SG-03,L2
2847,G,East,East-Central,Zone-D,Pod-3,CA-49,RM-49,2025-09-23,SG-17,L2
2848,U,South,South-East,Zone-D,Pod-9,CA-44,RM-24,2024-04-18,SG-01,L2
2849,U,South,South-East,Zone-E,Pod-6,CA-26,RM-50,2022-06-23,SG-06,L2
2850,G,North,North-West,Zone-A,Pod-10,CA-04,RM-41,2025-08-06,SG-23,L3
2851,P,East,East-South,Zone-D,Pod-5,CA-47,RM-48,2025-12-06,SG-11,L2
2852,P,North,North-West,Zone-E,Pod-7,CA-29,RM-42,2022-10-28,SG-07,L3
2853,U,West,West-Central,Zone-C,Pod-4,CA-20,RM-06,2025-08-21,SG-02,L3
2854,U,East,East-South,Zone-B,Pod-4,CA-06,RM-33,2025-01-12,SG-18,L2
2855,P,East,East-Central,Zone-B,Pod-10,CA-17,RM-16,,SG-25,L2
2856,U,West,West-Central,Zone-A,Pod-9,CA-23,RM-08,2024-02-03,SG-02,L3
2857,U,North,North-West,Zone-C,Pod-6,CA-16,RM-48,2022-01-11,SG-19,L3
2858,P,South,South-West,Zone-C,Pod-3,CA-46,RM-25,2026-01-04,SG-17,L3
2859,U,South,South-East,Zone-C,Pod-8,CA-07,RM-10,2023-01-30,SG-23,L2
2860,G,West,West-North,Zone-A,Pod-8,CA-14,RM-29,,SG-03,L2
2861,U,West,West-Central,Zone-E,Pod-10,CA-32,RM-41,2024-03-19,SG-14,L2
2862,P,West,West-Central,Zone-D,Pod-3,CA-32,RM-46,2022-10-23,SG-15,L1
2863,P,North,North-Central,Zone-B,Pod-3,CA-36,RM-24,2022-03-08,SG-04,L3
2864,G,West,West-North,Zone-A,Pod-9,CA-10,RM-08,2023-08-17,SG-12,L2
2865,G,East,East-South,Zone-C,Pod-10,CA-27,RM-04,2022-10-20,SG-10,L2
2866,P,South,South-East,Zone-D,Pod-6,CA-05,RM-03,,SG-14,L2
2867,U,East,East-Central,Zone-D,Pod-10,CA-09,RM-49,2024-02-12,SG-05,L3
2868,U,West,West-South,Zone-D,Pod-2,CA-40,RM-43,2026-01-30,SG-20,L2
2869,P,West,West-North,Zone-D,Pod-8,CA-48,RM-18,2022-04-04,SG-21,L1
2870,U,South,South-Central,Zone-A,Pod-9,CA-42,RM-08,2025-12-19,SG-21,L3
2871,P,North,North-East,Zone-E,Pod-9,CA-13,RM-49,2022-04-19,SG-16,L3
2872,U,North,North-East,Zone-E,Pod-4,CA-16,RM-46,2022-02-08,SG-19,L2
2873,G,North,North-Central,Zone-E,Pod-8,CA-02,RM-22,2025-04-21,SG-14,L1
2874,G,West,West-North,Zone-E,Pod-2,CA-07,RM-35,2023-06-11,SG-06,L2
2875,U,South,South-East,Zone-C,Pod-7,CA-44,RM-11,2022-11-12,SG-02,L3
2876,U,East,East-North,Zone-A,Pod-2,CA-21,RM-10,2023-09-03,SG-14,L2
2877,G,East,East-South,Zone-A,Pod-10,CA-38,RM-16,,SG-16,L3
2878,U,West,West-North,Zone-C,Pod-9,CA-27,RM-05,,SG-16,L1
2879,U,West,West-Central,Zone-B,Pod-9,CA-38,RM-44,2022-02-08,SG-04,L1
2880,P,South,South-West,Zone-E,Pod-9,CA-14,RM-10,2022-06-21,SG-12,L3
2881,U,South,South-East,Zone-E,Pod-1,CA-01,RM-30,2025-02-10,SG-20,L2
2882,U,South,South-East,Zone-A,Pod-10,CA-17,RM-44,2024-09-14,SG-13,L2
2883,P,South,South-Central,Zone-E,Pod-9,CA-37,RM-05,2022-11-27,SG-10,L1
2884,P,West,West-Central,Zone-A,Pod-5,CA-28,RM-14,2026-01-24,SG-20,L3
2885,U,East,East-Central,Zone-C,Pod-5,CA-16,RM-43,2025-12-20,SG-11,L2
2886,G,South,South-West,Zone-E,Pod-1,CA-39,RM-31,2025-11-17,SG-01,L1
2887,U,South,South-West,Zone-E,Pod-7,CA-35,RM-06,2025-12-11,SG-21,L3
2888,U,North,North-Central,Zone-A,Pod-2,CA-23,RM-25,2025-10-07,SG-20,L2
2889,G,West,West-North,Zone-A,Pod-8,CA-01,RM-15,2024-01-29,SG-24,L1
2890,P,East,East-Central,Zone-C,Pod-5,CA-46,RM-15,2025-06-10,SG-08,L2
2891,P,East,East-North,Zone-C,Pod-10,CA-14,RM-01,2025-12-12,SG-07,L3
2892,G,West,West-North,Zone-C,Pod-9,CA-13,RM-43,2024-10-08,SG-24,L3
2893,G,South,South-East,Zone-E,Pod-5,CA-37,RM-15,2022-05-14,SG-17,L3
2894,P,East,East-North,Zone-A,Pod-9,CA-40,RM-17,2025-11-20,SG-22,L3
2895,G,West,West-North,Zone-D,Pod-6,CA-28,RM-27,2025-08-24,SG-09,L1
2896,P,West,West-South,Zone-C,Pod-4,CA-04,RM-18,2022-03-31,SG-14,L3
2897,G,West,West-South,Zone-A,Pod-10,CA-02,RM-48,2023-11-17,SG-08,L3
2898,U,West,West-North,Zone-B,Pod-2,CA-41,RM-41,2023-11-06,SG-04,L1
2899,U,West,West-South,Zone-A,Pod-5,CA-16,RM-07,2025-07-06,SG-16,L1
2900,G,East,East-North,Zone-C,Pod-10,CA-40,RM-29,2023-04-30,SG-25,L1
2901,G,West,West-Central,Zone-A,Pod-7,CA-21,RM-45,2022-05-05,SG-03,L1
2902,U,North,North-West,Zone-A,Pod-2,CA-07,RM-44,2025-07-06,SG-02,L3
2903,U,North,North-West,Zone-D,Pod-4,CA-39,RM-43,2025-06-18,SG-20,L1
2904,P,West,West-South,Zone-D,Pod-2,CA-22,RM-42,2025-06-24,SG-22,L1
2905,G,West,West-Central,Zone-C,Pod-1,CA-39,RM-46,2022-08-10,SG-03,L3
2906,U,South,South-Central,Zone-B,Pod-7,CA-31,RM-47,2023-06-09,SG-20,L2
2907,G,South,South-East,Zone-B,Pod-5,CA-38,RM-28,2022-05-04,SG-17,L3
2908,G,East,East-South,Zone-E,Pod-8,CA-20,RM-39,2022-10-26,SG-11,L2
2909,G,East,East-North,Zone-E,Pod-1,CA-16,RM-33,2025-10-21,SG-18,L1
2910,G,West,West-South,Zone-B,Pod-2,CA-22,RM-13,2025-08-04,SG-22,L2
2911,U,West,West-Central,Zone-C,Pod-10,CA-20,RM-27,2025-03-05,SG-11,L1
2912,P,North,North-West,Zone-A,Pod-4,CA-45,RM-15,2022-01-08,SG-15,L3
2913,P,South,South-East,Zone-D,Pod-7,CA-14,RM-26,2023-11-10,SG-06,L1
2914,G,East,East-North,Zone-A,Pod-3,CA-19,RM-29,2025-02-10,SG-07,L3
2915,G,East,East-North,Zone-A,Pod-4,CA-17,RM-47,2023-08-05,SG-06,L2
2916,U,South,South-East,Zone-B,Pod-2,CA-02,RM-44,,SG-05,L2
2917,U,North,North-West,Zone-B,Pod-6,CA-43,RM-11,2023-05-07,SG-17,L3
2918,G,West,West-Central,Zone-A,Pod-4,CA-35,RM-25,2022-09-25,SG-23,L2
2919,G,East,East-Central,Zone-D,Pod-10,CA-38,RM-13,2023-05-16,SG-18,L2
2920,U,South,South-West,Zone-B,Pod-3,CA-33,RM-38,,SG-16,L1
2921,P,North,North-West,Zone-E,Pod-7,CA-49,RM-42,,SG-25,L3
2922,P,East,East-South,Zone-E,Pod-6,CA-34,RM-45,2023-10-22,SG-16,L3
2923,P,West,West-South,Zone-C,Pod-1,CA-14,RM-15,2025-07-30,SG-07,L2
2924,P,South,South-West,Zone-B,Pod-3,CA-24,RM-17,2024-02-12,SG-18,L1
2925,G,South,South-East,Zone-C,Pod-10,CA-03,RM-30,2023-12-22,SG-17,L3
2926,U,East,East-South,Zone-D,Pod-8,CA-21,RM-18,2024-04-17,SG-13,L1
2927,U,South,South-West,Zone-B,Pod-2,CA-19,RM-33,2022-06-05,SG-17,L3
2928,U,North,North-West,Zone-B,Pod-1,CA-35,RM-13,2022-05-27,SG-11,L1
2929,U,East,East-South,Zone-C,Pod-4,CA-46,RM-39,2025-10-31,SG-05,L3
2930,U,East,East-North,Zone-C,Pod-7,CA-38,RM-49,2023-12-11,SG-21,L1
2931,U,West,West-Central,Zone-E,Pod-4,CA-15,RM-47,2022-11-02,SG-24,L1
2932,U,West,West-North,Zone-E,Pod-8,CA-22,RM-06,2025-02-05,SG-11,L1
2933,P,West,West-Central,Zone-D,Pod-1,CA-24,RM-09,2024-07-10,SG-19,L1
2934,U,East,East-Central,Zone-A,Pod-6,CA-15,RM-27,2025-09-11,SG-14,L3
2935,G,West,West-Central,Zone-E,Pod-10,CA-03,RM-09,2025-04-17,SG-05,L2
2936,P,West,West-South,Zone-B,Pod-7,CA-13,RM-31,2022-05-11,SG-04,L2
2937,P,West,West-Central,Zone-C,Pod-9,CA-12,RM-03,2022-08-02,SG-23,L3
2938,U,West,West-North,Zone-B,Pod-4,CA-15,RM-19,2024-03-01,SG-22,L3
2939,G,North,North-West,Zone-A,Pod-6,CA-27,RM-26,2022-01-23,SG-06,L1
2940,U,South,South-Central,Zone-D,Pod-4,CA-09,RM-14,2022-05-21,SG-10,L2
2941,P,West,West-North,Zone-E,Pod-4,CA-33,RM-46,2023-09-28,SG-22,L2
2942,G,East,East-North,Zone-A,Pod-7,CA-39,RM-16,2024-07-01,SG-17,L2
2943,G,West,West-South,Zone-D,Pod-5,CA-42,RM-30,2026-02-18,SG-12,L3
2944,U,East,East-South,Zone-E,Pod-4,CA-12,RM-40,2022-12-25,SG-24,L2
2945,U,West,West-South,Zone-B,Pod-1,CA-16,RM-11,2022-07-15,SG-09,L3
2946,G,East,East-Central,Zone-A,Pod-8,CA-27,RM-49,2026-01-19,SG-18,L1
2947,U,East,East-North,Zone-A,Pod-8,CA-11,RM-17,2023-10-30,SG-07,L3
2948,P,North,North-West,Zone-A,Pod-8,CA-25,RM-22,,SG-24,L2
2949,G,South,South-West,Zone-A,Pod-3,CA-21,RM-43,,SG-24,L2
2950,G,West,West-South,Zone-A,Pod-8,CA-09,RM-31,2025-09-07,SG-09,L1
2951,G,South,South-East,Zone-E,Pod-9,CA-48,RM-26,2023-08-26,SG-06,L1
2952,G,North,North-Central,Zone-C,Pod-4,CA-46,RM-03,2024-01-04,SG-22,L3
2953,P,South,South-West,Zone-A,Pod-2,CA-25,RM-45,2024-12-06,SG-10,L2
2954,U,North,North-Central,Zone-A,Pod-4,CA-16,RM-24,,SG-08,L1
2955,G,North,North-East,Zone-D,Pod-6,CA-13,RM-44,,SG-22,L1
2956,U,South,South-East,Zone-B,Pod-9,CA-07,RM-21,2022-04-01,SG-11,L3
2957,U,South,South-Central,Zone-B,Pod-2,CA-15,RM-14,2024-03-20,SG-04,L2
2958,G,East,East-North,Zone-A,Pod-7,CA-14,RM-30,2023-10-10,SG-08,L1
2959,G,East,East-Central,Zone-E,Pod-7,CA-20,RM-50,2022-05-18,SG-20,L2
2960,G,North,North-Central,Zone-E,Pod-5,CA-07,RM-39,2025-03-11,SG-11,L3
2961,P,West,West-Central,Zone-B,Pod-6,CA-43,RM-31,2025-07-25,SG-03,L2
2962,P,North,North-Central,Zone-E,Pod-4,CA-33,RM-38,2024-11-12,SG-23,L1
2963,U,South,South-East,Zone-E,Pod-4,CA-48,RM-28,2022-09-12,SG-25,L1
2964,G,North,North-East,Zone-B,Pod-3,CA-25,RM-14,2023-08-31,SG-21,L1
2965,P,South,South-Central,Zone-E,Pod-6,CA-09,RM-18,2024-06-27,SG-11,L3
2966,G,North,North-Central,Zone-D,Pod-4,CA-47,RM-22,2023-08-14,SG-11,L1
2967,G,South,South-Central,Zone-A,Pod-4,CA-39,RM-25,2025-09-23,SG-17,L2
2968,U,South,South-West,Zone-A,Pod-2,CA-13,RM-04,,SG-21,L1
2969,G,South,South-East,Zone-A,Pod-4,CA-33,RM-06,2025-01-29,SG-14,L3
2970,U,West,West-South,Zone-B,Pod-3,CA-39,RM-16,2023-05-17,SG-10,L2
2971,G,West,West-Central,Zone-B,Pod-6,CA-26,RM-25,2024-09-12,SG-06,L2
2972,G,West,West-South,Zone-E,Pod-8,CA-02,RM-49,2024-06-06,SG-13,L2
2973,P,North,North-West,Zone-E,Pod-3,CA-17,RM-25,2025-02-06,SG-15,L2
2974,G,West,West-South,Zone-D,Pod-6,CA-09,RM-46,2024-09-11,SG-16,L1
2975,P,South,South-East,Zone-A,Pod-6,CA-32,RM-26,,SG-14,L2
2976,G,East,East-South,Zone-D,Pod-7,CA-03,RM-08,2025-04-19,SG-13,L3
2977,U,South,South-East,Zone-D,Pod-9,CA-46,RM-32,2026-01-19,SG-21,L3
2978,P,East,East-Central,Zone-A,Pod-4,CA-16,RM-31,2024-05-18,SG-02,L2
2979,P,North,North-Central,Zone-B,Pod-3,CA-17,RM-16,2024-07-21,SG-20,L3
2980,P,South,South-East,Zone-A,Pod-7,CA-26,RM-46,2025-08-12,SG-19,L1
2981,P,South,South-West,Zone-B,Pod-5,CA-33,RM-35,2023-06-02,SG-22,L2
2982,G,East,East-Central,Zone-D,Pod-2,CA-41,RM-37,2026-01-30,SG-25,L2
2983,P,South,South-West,Zone-B,Pod-5,CA-01,RM-11,2024-03-26,SG-16,L1
2984,U,North,North-East,Zone-D,Pod-7,CA-11,RM-12,2025-09-02,SG-12,L1
2985,U,South,South-East,Zone-D,Pod-10,CA-14,RM-12,2022-08-14,SG-07,L1
2986,U,South,South-East,Zone-C,Pod-10,CA-07,RM-41,2024-04-17,SG-06,L1
2987,U,East,East-North,Zone-D,Pod-1,CA-38,RM-16,2022-05-12,SG-16,L2
2988,P,North,North-East,Zone-A,Pod-10,CA-03,RM-07,2022-01-15,SG-07,L3
2989,U,North,North-West,Zone-E,Pod-8,CA-49,RM-22,2023-06-29,SG-20,L2
2990,U,East,East-South,Zone-C,Pod-7,CA-25,RM-40,2023-05-06,SG-02,L2
2991,U,East,East-North,Zone-A,Pod-3,CA-02,RM-39,2025-12-01,SG-04,L3
2992,P,East,East-Central,Zone-B,Pod-8,CA-33,RM-27,2025-06-20,SG-22,L1
2993,U,North,North-Central,Zone-C,Pod-1,CA-48,RM-21,,SG-22,L2
2994,G,South,South-Central,Zone-D,Pod-6,CA-28,RM-31,2025-06-08,SG-22,L3
2995,P,North,North-Central,Zone-D,Pod-3,CA-34,RM-37,2023-02-04,SG-23,L3
2996,P,North,North-East,Zone-D,Pod-9,CA-30,RM-11,2023-09-10,SG-15,L1
2997,G,West,West-Central,Zone-E,Pod-2,CA-07,RM-28,2023-03-10,SG-23,L1
2998,P,South,South-West,Zone-D,Pod-5,CA-43,RM-31,2023-03-28,SG-22,L1
2999,U,South,South-Central,Zone-D,Pod-4,CA-37,RM-50,2025-11-17,SG-20,L1
3000,U,East,East-South,Zone-D,Pod-4,CA-15,RM-17,2025-02-24,SG-04,L2
3001,G,North,North-East,Zone-A,Pod-2,CA-37,RM-24,2025-04-27,SG-05,L2
3002,P,West,West-Central,Zone-A,Pod-4,CA-25,RM-28,2025-04-23,SG-11,L2
3003,U,South,South-Central,Zone-E,Pod-1,CA-35,RM-30,2022-08-07,SG-11,L1
3004,P,East,East-North,Zone-D,Pod-5,CA-10,RM-48,2022-10-29,SG-22,L3
3005,G,North,North-Central,Zone-C,Pod-5,CA-46,RM-37,2025-11-11,SG-16,L3
3006,G,South,South-West,Zone-C,Pod-6,CA-10,RM-46,2024-02-11,SG-07,L3
3007,U,South,South-Central,Zone-A,Pod-7,CA-20,RM-43,2023-01-02,SG-06,L1
3008,U,West,West-South,Zone-D,Pod-7,CA-05,RM-34,2023-12-15,SG-24,L2
3009,U,East,East-Central,Zone-B,Pod-2,CA-09,RM-21,2025-01-27,SG-25,L3
3010,P,North,North-Central,Zone-C,Pod-3,CA-29,RM-45,2022-12-02,SG-16,L2
3011,P,South,South-East,Zone-B,Pod-1,CA-24,RM-47,2023-02-05,SG-19,L1
3012,G,South,South-West,Zone-D,Pod-2,CA-23,RM-31,2022-12-11,SG-06,L1
3013,P,North,North-Central,Zone-C,Pod-7,CA-16,RM-03,2022-11-01,SG-04,L1
3014,P,West,West-South,Zone-C,Pod-7,CA-50,RM-45,2022-12-20,SG-22,L3
3015,U,North,North-West,Zone-D,Pod-6,CA-01,RM-08,2025-08-30,SG-04,L1
3016,P,North,North-West,Zone-E,Pod-10,CA-31,RM-18,2025-04-16,SG-23,L3
3017,P,North,North-Central,Zone-B,Pod-7,CA-20,RM-37,2025-08-13,SG-05,L1
3018,G,East,East-North,Zone-E,Pod-7,CA-36,RM-35,2025-12-06,SG-17,L2
3019,G,North,North-Central,Zone-E,Pod-4,CA-43,RM-08,2025-08-27,SG-06,L3
3020,G,South,South-East,Zone-E,Pod-1,CA-09,RM-37,2023-10-06,SG-07,L3
3021,G,South,South-East,Zone-E,Pod-2,CA-33,RM-20,2022-03-13,SG-12,L3
3022,P,South,South-West,Zone-A,Pod-5,CA-43,RM-35,2022-04-05,SG-15,L1
3023,P,West,West-Central,Zone-C,Pod-9,CA-33,RM-14,2023-12-23,SG-23,L1
3024,G,North,North-East,Zone-A,Pod-3,CA-39,RM-36,2023-09-06,SG-07,L3
3025,G,East,East-South,Zone-B,Pod-9,CA-17,RM-17,2024-05-14,SG-13,L3
3026,P,South,South-West,Zone-D,Pod-7,CA-45,RM-10,2023-06-05,SG-18,L1
3027,P,North,North-Central,Zone-C,Pod-4,CA-46,RM-24,2025-11-28,SG-19,L3
3028,U,South,South-West,Zone-B,Pod-1,CA-39,RM-16,2024-06-07,SG-03,L2
3029,G,North,North-Central,Zone-A,Pod-6,CA-41,RM-06,2024-04-13,SG-12,L2
3030,U,East,East-North,Zone-B,Pod-4,CA-25,RM-07,2022-07-20,SG-04,L1
3031,P,East,East-Central,Zone-D,Pod-10,CA-19,RM-36,2023-12-16,SG-09,L3
3032,G,North,North-East,Zone-B,Pod-6,CA-48,RM-44,2024-03-08,SG-18,L3
3033,P,West,West-South,Zone-E,Pod-9,CA-46,RM-10,2022-01-20,SG-22,L1
3034,P,South,South-West,Zone-E,Pod-6,CA-46,RM-50,2022-04-19,SG-08,L3
3035,U,West,West-Central,Zone-D,Pod-9,CA-19,RM-18,2023-12-26,SG-14,L3
3036,U,South,South-West,Zone-A,Pod-2,CA-41,RM-06,2024-04-12,SG-03,L3
3037,P,South,South-East,Zone-B,Pod-5,CA-36,RM-32,2022-06-23,SG-01,L2
3038,P,South,South-West,Zone-D,Pod-2,CA-26,RM-01,2025-10-18,SG-20,L1
3039,G,North,North-Central,Zone-D,Pod-9,CA-44,RM-39,2023-12-08,SG-02,L3
3040,G,West,West-North,Zone-E,Pod-6,CA-09,RM-33,2022-12-25,SG-12,L1
3041,U,West,West-South,Zone-D,Pod-4,CA-35,RM-50,2022-08-20,SG-04,L2
3042,P,East,East-South,Zone-C,Pod-10,CA-26,RM-14,2022-01-05,SG-10,L3
3043,U,North,North-West,Zone-E,Pod-1,CA-40,RM-30,2022-04-28,SG-11,L2
3044,G,East,East-North,Zone-A,Pod-7,CA-23,RM-01,2026-01-19,SG-04,L2
3045,U,West,West-North,Zone-A,Pod-2,CA-32,RM-01,2022-11-11,SG-05,L3
3046,U,East,East-North,Zone-D,Pod-7,CA-12,RM-35,2023-09-05,SG-09,L1
3047,P,West,West-Central,Zone-D,Pod-7,CA-01,RM-23,2023-12-26,SG-23,L1
3048,U,North,North-East,Zone-C,Pod-7,CA-48,RM-22,,SG-02,L1
3049,P,South,South-West,Zone-C,Pod-8,CA-44,RM-46,2024-09-28,SG-05,L2
3050,G,West,West-Central,Zone-D,Pod-3,CA-10,RM-23,2022-08-09,SG-17,L1
3051,P,South,South-East,Zone-C,Pod-1,CA-28,RM-31,2025-05-07,SG-10,L2
3052,P,West,West-North,Zone-D,Pod-9,CA-12,RM-16,2022-11-09,SG-09,L1
3053,G,East,East-Central,Zone-B,Pod-8,CA-46,RM-07,2024-05-28,SG-23,L3
3054,G,South,South-East,Zone-E,Pod-2,CA-09,RM-26,2022-11-01,SG-02,L2
3055,G,South,South-East,Zone-D,Pod-2,CA-04,RM-25,,SG-14,L3
3056,U,East,East-Central,Zone-B,Pod-1,CA-33,RM-28,2024-05-22,SG-21,L1
3057,P,East,East-North,Zone-C,Pod-7,CA-16,RM-21,2023-12-20,SG-02,L1
3058,G,North,North-East,Zone-A,Pod-5,CA-31,RM-18,2023-10-21,SG-20,L1
3059,U,West,West-North,Zone-C,Pod-5,CA-08,RM-07,2024-01-15,SG-22,L1
3060,P,South,South-West,Zone-C,Pod-10,CA-34,RM-39,2024-01-11,SG-12,L1
3061,G,East,East-North,Zone-E,Pod-10,CA-08,RM-03,2022-08-06,SG-19,L3
3062,P,South,South-East,Zone-D,Pod-10,CA-22,RM-20,2022-06-03,SG-24,L2
3063,G,South,South-Central,Zone-B,Pod-7,CA-36,RM-46,,SG-09,L3
3064,U,East,East-South,Zone-D,Pod-2,CA-31,RM-27,2022-08-29,SG-17,L3
3065,U,North,North-East,Zone-E,Pod-1,CA-37,RM-04,2022-09-22,SG-23,L1
3066,G,West,West-South,Zone-E,Pod-8,CA-49,RM-33,2022-06-03,SG-13,L3
3067,G,West,West-South,Zone-E,Pod-3,CA-37,RM-14,2023-01-12,SG-19,L3
3068,P,North,North-Central,Zone-D,Pod-5,CA-20,RM-15,2026-01-15,SG-10,L3
3069,P,East,East-Central,Zone-A,Pod-4,CA-19,RM-03,2022-04-04,SG-21,L1
3070,P,East,East-North,Zone-C,Pod-4,CA-14,RM-35,2022-04-16,SG-04,L1
3071,G,East,East-Central,Zone-E,Pod-9,CA-17,RM-47,2023-10-27,SG-05,L2
3072,U,East,East-South,Zone-A,Pod-4,CA-47,RM-18,2022-01-22,SG-06,L2
3073,U,North,North-Central,Zone-E,Pod-5,CA-41,RM-41,2025-11-10,SG-20,L3
3074,P,South,South-West,Zone-B,Pod-7,CA-10,RM-29,2023-02-22,SG-08,L3
3075,U,West,West-South,Zone-B,Pod-3,CA-30,RM-12,2022-07-11,SG-06,L1
3076,U,West,West-Central,Zone-B,Pod-3,CA-12,RM-26,2022-02-13,SG-22,L3
3077,G,South,South-East,Zone-B,Pod-8,CA-42,RM-26,,SG-04,L3
3078,U,South,South-Central,Zone-A,Pod-1,CA-08,RM-01,2024-02-13,SG-25,L3
3079,G,North,North-East,Zone-B,Pod-10,CA-01,RM-01,2023-07-03,SG-04,L3
3080,P,East,East-Central,Zone-A,Pod-8,CA-11,RM-20,2024-09-10,SG-11,L2
3081,P,South,South-East,Zone-A,Pod-9,CA-08,RM-02,2023-07-02,SG-02,L1
3082,G,East,East-North,Zone-E,Pod-1,CA-15,RM-02,2024-04-30,SG-08,L2
3083,P,West,West-North,Zone-C,Pod-7,CA-44,RM-46,2023-04-08,SG-04,L2
3084,U,South,South-East,Zone-B,Pod-2,CA-40,RM-22,2023-08-01,SG-04,L2
3085,P,North,North-East,Zone-E,Pod-6,CA-39,RM-12,2024-05-27,SG-22,L2
3086,U,South,South-Central,Zone-C,Pod-2,CA-18,RM-32,2023-08-11,SG-22,L2
3087,P,East,East-Central,Zone-A,Pod-3,CA-21,RM-10,2022-11-01,SG-13,L2
3088,U,West,West-North,Zone-A,Pod-3,CA-06,RM-21,2026-01-28,SG-05,L1
3089,P,West,West-South,Zone-C,Pod-7,CA-39,RM-41,2024-09-12,SG-11,L1
3090,P,South,South-West,Zone-D,Pod-8,CA-35,RM-35,2025-01-08,SG-08,L2
3091,P,North,North-Central,Zone-D,Pod-4,CA-45,RM-06,2025-11-21,SG-08,L2
3092,G,North,North-East,Zone-A,Pod-2,CA-04,RM-23,2024-08-28,SG-12,L1
3093,U,East,East-South,Zone-B,Pod-4,CA-14,RM-15,2025-02-03,SG-02,L3
3094,P,South,South-East,Zone-B,Pod-7,CA-24,RM-04,2022-02-23,SG-23,L1
3095,G,North,North-West,Zone-E,Pod-6,CA-10,RM-06,2022-03-03,SG-08,L1
3096,U,North,North-Central,Zone-D,Pod-3,CA-48,RM-34,2023-01-09,SG-23,L2
3097,P,West,West-South,Zone-C,Pod-1,CA-19,RM-08,2025-08-13,SG-05,L1
3098,U,North,North-Central,Zone-B,Pod-7,CA-44,RM-30,2022-01-23,SG-18,L3
3099,U,East,East-Central,Zone-E,Pod-3,CA-18,RM-06,2023-04-11,SG-17,L2
3100,G,South,South-Central,Zone-B,Pod-7,CA-12,RM-48,2022-04-25,SG-18,L3
3101,P,North,North-Central,Zone-D,Pod-7,CA-25,RM-11,2025-08-29,SG-02,L2
3102,U,West,West-North,Zone-C,Pod-10,CA-50,RM-22,2022-06-09,SG-01,L1
3103,P,East,East-North,Zone-E,Pod-1,CA-49,RM-20,2023-03-10,SG-07,L3
3104,P,South,South-Central,Zone-A,Pod-10,CA-03,RM-37,2022-06-24,SG-16,L1
3105,U,North,North-West,Zone-A,Pod-5,CA-26,RM-33,2022-01-18,SG-07,L2
3106,P,West,West-Central,Zone-C,Pod-2,CA-22,RM-27,2025-12-10,SG-24,L3
3107,U,North,North-Central,Zone-B,Pod-8,CA-38,RM-03,,SG-10,L1
3108,P,South,South-Central,Zone-D,Pod-2,CA-46,RM-15,,SG-07,L3
3109,P,South,South-Central,Zone-B,Pod-10,CA-42,RM-34,2024-10-24,SG-25,L2
3110,U,West,West-North,Zone-C,Pod-1,CA-46,RM-50,2025-06-30,SG-22,L2
3111,P,South,South-East,Zone-E,Pod-8,CA-07,RM-01,2022-11-09,SG-05,L2
3112,U,North,North-West,Zone-A,Pod-3,CA-05,RM-18,2022-12-14,SG-19,L2
3113,U,East,East-North,Zone-A,Pod-8,CA-17,RM-49,2024-08-01,SG-15,L3
3114,U,South,South-East,Zone-E,Pod-7,CA-27,RM-40,2024-01-15,SG-22,L1
3115,U,West,West-South,Zone-E,Pod-2,CA-44,RM-27,2023-10-05,SG-17,L2
3116,G,East,East-Central,Zone-A,Pod-4,CA-45,RM-36,2025-08-11,SG-01,L1
3117,G,North,North-West,Zone-D,Pod-4,CA-25,RM-30,2024-03-28,SG-22,L1
3118,G,East,East-South,Zone-D,Pod-2,CA-12,RM-47,2024-08-10,SG-04,L2
3119,U,West,West-North,Zone-D,Pod-10,CA-32,RM-14,2023-10-12,SG-23,L3
3120,G,West,West-North,Zone-C,Pod-8,CA-10,RM-41,2025-01-21,SG-07,L2
3121,U,North,North-Central,Zone-D,Pod-7,CA-31,RM-14,,SG-02,L1
3122,G,North,North-Central,Zone-D,Pod-2,CA-10,RM-05,2025-07-25,SG-09,L2
3123,G,North,North-West,Zone-D,Pod-5,CA-12,RM-04,2024-12-10,SG-03,L2
3124,U,East,East-South,Zone-B,Pod-8,CA-35,RM-45,2024-05-08,SG-06,L3
3125,P,West,West-South,Zone-E,Pod-10,CA-13,RM-05,2022-01-21,SG-24,L3
3126,U,South,South-West,Zone-C,Pod-3,CA-32,RM-21,,SG-04,L3
3127,G,West,West-South,Zone-E,Pod-8,CA-41,RM-38,2024-07-11,SG-04,L1
3128,G,South,South-Central,Zone-B,Pod-10,CA-25,RM-14,2025-01-23,SG-12,L1
3129,U,South,South-Central,Zone-E,Pod-1,CA-20,RM-20,2024-01-29,SG-17,L1
3130,U,West,West-Central,Zone-D,Pod-9,CA-28,RM-34,2023-12-22,SG-25,L2
3131,P,North,North-East,Zone-D,Pod-10,CA-11,RM-35,2022-12-29,SG-14,L2
3132,P,East,East-Central,Zone-D,Pod-2,CA-06,RM-07,2025-12-08,SG-03,L3
3133,P,North,North-Central,Zone-D,Pod-2,CA-41,RM-29,2025-07-01,SG-17,L3
3134,G,North,North-Central,Zone-C,Pod-8,CA-36,RM-25,2023-03-10,SG-04,L1
3135,U,West,West-North,Zone-C,Pod-7,CA-01,RM-24,2024-08-08,SG-08,L3
3136,P,East,East-South,Zone-C,Pod-4,CA-01,RM-27,2024-04-29,SG-02,L1
3137,P,North,North-East,Zone-C,Pod-10,CA-21,RM-22,2024-11-28,SG-06,L3
3138,P,West,West-North,Zone-E,Pod-7,CA-04,RM-37,2023-01-30,SG-14,L1
3139,P,West,West-Central,Zone-B,Pod-3,CA-28,RM-15,2023-10-14,SG-04,L3
3140,P,South,South-Central,Zone-A,Pod-5,CA-36,RM-11,2024-03-13,SG-11,L1
3141,P,North,North-East,Zone-A,Pod-3,CA-02,RM-40,2025-07-11,SG-23,L3
3142,P,North,North-Central,Zone-D,Pod-3,CA-30,RM-41,,SG-21,L2
3143,G,South,South-East,Zone-B,Pod-7,CA-50,RM-17,2025-01-01,SG-22,L1
3144,P,East,East-North,Zone-B,Pod-2,CA-08,RM-30,2025-07-31,SG-20,L1
3145,G,North,North-East,Zone-C,Pod-2,CA-32,RM-24,2023-01-05,SG-07,L2
3146,P,North,North-West,Zone-A,Pod-2,CA-14,RM-44,2024-09-23,SG-14,L2
3147,U,East,East-Central,Zone-D,Pod-1,CA-12,RM-43,2023-01-04,SG-19,L3
3148,P,North,North-East,Zone-C,Pod-10,CA-35,RM-01,2024-09-18,SG-06,L3
3149,G,East,East-North,Zone-B,Pod-9,CA-33,RM-49,2025-01-02,SG-05,L1
3150,G,East,East-North,Zone-B,Pod-4,CA-06,RM-47,,SG-23,L1
3151,U,East,East-South,Zone-D,Pod-9,CA-42,RM-19,2022-07-08,SG-15,L3
3152,U,West,West-South,Zone-E,Pod-3,CA-13,RM-44,2023-01-31,SG-23,L2
3153,U,West,West-North,Zone-E,Pod-3,CA-14,RM-47,2025-04-18,SG-16,L2
3154,P,West,West-South,Zone-E,Pod-2,CA-39,RM-25,2023-10-15,SG-14,L1
3155,P,East,East-South,Zone-A,Pod-5,CA-38,RM-27,2022-03-11,SG-10,L3
3156,U,East,East-South,Zone-A,Pod-3,CA-23,RM-16,2023-10-23,SG-03,L1
3157,G,East,East-South,Zone-B,Pod-6,CA-45,RM-01,2022-09-08,SG-23,L2
3158,P,South,South-West,Zone-E,Pod-2,CA-25,RM-19,2023-04-22,SG-20,L1
3159,P,South,South-East,Zone-E,Pod-2,CA-37,RM-42,2025-05-29,SG-14,L3
3160,U,West,West-South,Zone-C,Pod-8,CA-03,RM-18,2022-04-12,SG-14,L1
3161,U,North,North-West,Zone-B,Pod-4,CA-37,RM-02,2025-04-25,SG-10,L1
3162,G,North,North-West,Zone-C,Pod-9,CA-34,RM-03,2024-04-04,SG-11,L3
3163,P,North,North-East,Zone-D,Pod-5,CA-18,RM-21,2024-04-30,SG-25,L2
3164,P,West,West-North,Zone-E,Pod-1,CA-26,RM-20,2024-10-08,SG-23,L2
3165,G,West,West-Central,Zone-A,Pod-1,CA-15,RM-04,2025-06-19,SG-01,L1
3166,G,North,North-West,Zone-D,Pod-6,CA-35,RM-01,2022-06-30,SG-23,L1
3167,U,East,East-North,Zone-A,Pod-2,CA-17,RM-22,,SG-23,L3
3168,U,West,West-South,Zone-B,Pod-2,CA-09,RM-21,2025-04-09,SG-05,L3
3169,P,West,West-Central,Zone-D,Pod-4,CA-37,RM-31,2024-12-04,SG-22,L2
3170,U,East,East-South,Zone-D,Pod-2,CA-23,RM-36,2023-06-25,SG-08,L3
3171,U,South,South-Central,Zone-A,Pod-1,CA-14,RM-01,,SG-22,L1
3172,G,West,West-South,Zone-B,Pod-10,CA-49,RM-34,2023-11-29,SG-17,L2
3173,G,East,East-Central,Zone-D,Pod-3,CA-15,RM-24,2024-10-30,SG-13,L2
3174,U,South,South-West,Zone-B,Pod-3,CA-44,RM-20,,SG-19,L3
3175,G,North,North-East,Zone-D,Pod-1,CA-30,RM-12,2022-08-14,SG-09,L1
3176,G,West,West-Central,Zone-E,Pod-9,CA-06,RM-23,2023-06-28,SG-14,L1
3177,G,South,South-West,Zone-E,Pod-8,CA-18,RM-24,2023-11-15,SG-04,L1
3178,U,West,West-Central,Zone-D,Pod-3,CA-39,RM-18,2023-01-23,SG-17,L3
3179,P,West,West-Central,Zone-D,Pod-4,CA-08,RM-15,2022-04-13,SG-04,L1
3180,G,North,North-Central,Zone-C,Pod-5,CA-15,RM-40,2024-12-25,SG-23,L3
3181,P,West,West-South,Zone-D,Pod-5,CA-32,RM-14,2026-02-12,SG-06,L1
3182,P,East,East-Central,Zone-C,Pod-1,CA-07,RM-12,2023-08-13,SG-17,L3
3183,G,West,West-Central,Zone-C,Pod-3,CA-21,RM-44,2025-11-09,SG-03,L1
3184,P,South,South-West,Zone-D,Pod-8,CA-28,RM-22,2022-01-27,SG-01,L1
3185,P,East,East-North,Zone-B,Pod-6,CA-31,RM-38,2022-01-20,SG-01,L2
3186,G,South,South-West,Zone-A,Pod-10,CA-44,RM-19,,SG-08,L3
3187,U,South,South-East,Zone-A,Pod-8,CA-32,RM-48,2026-02-16,SG-12,L3
3188,G,East,East-Central,Zone-D,Pod-6,CA-20,RM-46,2024-07-28,SG-11,L3
3189,P,West,West-North,Zone-C,Pod-1,CA-10,RM-27,2026-01-31,SG-08,L3
3190,P,South,South-West,Zone-D,Pod-7,CA-24,RM-14,,SG-24,L1
3191,P,South,South-West,Zone-A,Pod-9,CA-29,RM-34,2025-07-07,SG-06,L2
3192,U,East,East-South,Zone-D,Pod-4,CA-03,RM-38,2023-07-20,SG-17,L3
3193,P,East,East-Central,Zone-A,Pod-6,CA-19,RM-08,2024-07-20,SG-01,L2
3194,P,South,South-West,Zone-B,Pod-9,CA-43,RM-11,2023-08-17,SG-10,L2
3195,G,East,East-North,Zone-C,Pod-4,CA-19,RM-38,,SG-04,L1
3196,G,West,West-South,Zone-A,Pod-1,CA-17,RM-09,2025-09-14,SG-12,L2
3197,G,South,South-East,Zone-C,Pod-7,CA-38,RM-06,2026-02-10,SG-10,L1
3198,P,North,North-West,Zone-C,Pod-7,CA-28,RM-26,2025-10-21,SG-04,L2
3199,P,East,East-Central,Zone-C,Pod-6,CA-38,RM-09,2024-06-11,SG-22,L1
